{
"type": "FeatureCollection",
"name": "buildings",
"crs": { "type": "name", "properties": { "name": "urn:ogc:def:crs:OGC:1.3:CRS84" } },
"xy_coordinate_resolution": 1e-06,
"features": [
{ "type": "Feature", "properties": { "use": "Office and Commercial Space", "base": 0.1, "height": 19.1 }, "geometry": { "type": "MultiPolygon", "coordinates": [ [ [ [ -2.212091, 53.484377 ], [ -2.211825, 53.484206 ], [ -2.212288, 53.483906 ], [ -2.212564, 53.484072 ], [ -2.212091, 53.484377 ] ] ] ] } },
{ "type": "Feature", "properties": { "use": "Office and Commercial Space", "base": 0.0, "height": 19.4 }, "geometry": { "type": "MultiPolygon", "coordinates": [ [ [ [ -2.212054, 53.484427 ], [ -2.211339, 53.484825 ], [ -2.211034, 53.484653 ], [ -2.21175, 53.484234 ], [ -2.212054, 53.484427 ] ] ] ] } },
{ "type": "Feature", "properties": { "use": "Low Density Housing", "base": 0.0, "height": 9.2 }, "geometry": { "type": "MultiPolygon", "coordinates": [ [ [ [ -2.211116, 53.484863 ], [ -2.211168, 53.484894 ], [ -2.211203, 53.484873 ], [ -2.211252, 53.484902 ], [ -2.211214, 53.484921 ], [ -2.211268, 53.484952 ], [ -2.211303, 53.484931 ], [ -2.211349, 53.484959 ], [ -2.211315, 53.48498 ], [ -2.211367, 53.48501 ], [ -2.211401, 53.484989 ], [ -2.211427, 53.485004 ], [ -2.21129, 53.485087 ], [ -2.210843, 53.484825 ], [ -2.210945, 53.484763 ], [ -2.210972, 53.484779 ], [ -2.211007, 53.484758 ], [ -2.211053, 53.484786 ], [ -2.211019, 53.484807 ], [ -2.21107, 53.484836 ], [ -2.211105, 53.484816 ], [ -2.211154, 53.484844 ], [ -2.211116, 53.484863 ] ] ] ] } },
{ "type": "Feature", "properties": { "use": "Office and Commercial Space", "base": 0.0, "height": 23.4 }, "geometry": { "type": "MultiPolygon", "coordinates": [ [ [ [ -2.212958, 53.484293 ], [ -2.21294, 53.484312 ], [ -2.21269, 53.484461 ], [ -2.212384, 53.484279 ], [ -2.212653, 53.484104 ], [ -2.212949, 53.484266 ], [ -2.212958, 53.484293 ] ] ] ] } },
{ "type": "Feature", "properties": { "use": "Office and Commercial Space", "base": 0.0, "height": 33.3 }, "geometry": { "type": "MultiPolygon", "coordinates": [ [ [ [ -2.212008, 53.484663 ], [ -2.212245, 53.484511 ], [ -2.212116, 53.484433 ], [ -2.212316, 53.484316 ], [ -2.212619, 53.4845 ], [ -2.212178, 53.484757 ], [ -2.212008, 53.484663 ] ] ] ] } },
{ "type": "Feature", "properties": { "use": "Office and Commercial Space", "base": 0.0, "height": 20.0 }, "geometry": { "type": "MultiPolygon", "coordinates": [ [ [ [ -2.211451, 53.48499 ], [ -2.211994, 53.484685 ], [ -2.212143, 53.48477 ], [ -2.21162, 53.485096 ], [ -2.211451, 53.48499 ] ] ] ] } },
{ "type": "Feature", "properties": { "use": "Medium Density Housing", "base": 0.0, "height": 23.2 }, "geometry": { "type": "MultiPolygon", "coordinates": [ [ [ [ -2.21313, 53.483354 ], [ -2.212864, 53.483506 ], [ -2.212856, 53.483504 ], [ -2.212465, 53.483302 ], [ -2.212754, 53.483168 ], [ -2.212762, 53.48317 ], [ -2.21313, 53.483354 ] ] ] ] } },
{ "type": "Feature", "properties": { "use": "Medium Density Housing", "base": 0.0, "height": 23.5 }, "geometry": { "type": "MultiPolygon", "coordinates": [ [ [ [ -2.211225, 53.483869 ], [ -2.211229, 53.483863 ], [ -2.211777, 53.483592 ], [ -2.212258, 53.483855 ], [ -2.212254, 53.483861 ], [ -2.211722, 53.48416 ], [ -2.211225, 53.483869 ] ] ] ] } },
{ "type": "Feature", "properties": { "use": "Medium Density Housing", "base": 0.0, "height": 23.2 }, "geometry": { "type": "MultiPolygon", "coordinates": [ [ [ [ -2.212771, 53.483545 ], [ -2.212049, 53.483536 ], [ -2.212041, 53.483532 ], [ -2.212006, 53.483498 ], [ -2.212393, 53.483352 ], [ -2.212763, 53.48354 ], [ -2.212771, 53.483545 ] ] ] ] } },
{ "type": "Feature", "properties": { "use": "Office and Commercial Space", "base": 0.0, "height": 22.1 }, "geometry": { "type": "MultiPolygon", "coordinates": [ [ [ [ -2.212689, 53.483604 ], [ -2.212314, 53.483808 ], [ -2.211911, 53.483574 ], [ -2.211904, 53.483569 ], [ -2.212682, 53.483599 ], [ -2.212689, 53.483604 ] ] ] ] } },
{ "type": "Feature", "properties": { "use": "Medium Density Housing", "base": 0.0, "height": 26.9 }, "geometry": { "type": "MultiPolygon", "coordinates": [ [ [ [ -2.212832, 53.483131 ], [ -2.212979, 53.483022 ], [ -2.213038, 53.482983 ], [ -2.213087, 53.482962 ], [ -2.213133, 53.482966 ], [ -2.213137, 53.482968 ], [ -2.213349, 53.48307 ], [ -2.213519, 53.483051 ], [ -2.213523, 53.483052 ], [ -2.213552, 53.483149 ], [ -2.213823, 53.483278 ], [ -2.213534, 53.483467 ], [ -2.21353, 53.483465 ], [ -2.212832, 53.483131 ] ] ] ] } },
{ "type": "Feature", "properties": { "use": "Medium Density Housing", "base": 0.0, "height": 19.2 }, "geometry": { "type": "MultiPolygon", "coordinates": [ [ [ [ -2.212679, 53.483988 ], [ -2.212418, 53.483862 ], [ -2.213204, 53.483388 ], [ -2.213209, 53.48339 ], [ -2.213439, 53.483502 ], [ -2.212685, 53.483989 ], [ -2.212679, 53.483988 ] ] ] ] } },
{ "type": "Feature", "properties": { "use": "Medium Density Housing", "base": 3.6, "height": 24.2 }, "geometry": { "type": "MultiPolygon", "coordinates": [ [ [ [ -2.211117, 53.485225 ], [ -2.211113, 53.485275 ], [ -2.211088, 53.485322 ], [ -2.211042, 53.485364 ], [ -2.21098, 53.485398 ], [ -2.210905, 53.485421 ], [ -2.210823, 53.485431 ], [ -2.210739, 53.485429 ], [ -2.210659, 53.485413 ], [ -2.210588, 53.485386 ], [ -2.210532, 53.485349 ], [ -2.210493, 53.485305 ], [ -2.210476, 53.485256 ], [ -2.21048, 53.485206 ], [ -2.210506, 53.485158 ], [ -2.210551, 53.485116 ], [ -2.210614, 53.485083 ], [ -2.210688, 53.48506 ], [ -2.21077, 53.485049 ], [ -2.210854, 53.485052 ], [ -2.210934, 53.485067 ], [ -2.211005, 53.485094 ], [ -2.211061, 53.485131 ], [ -2.2111, 53.485176 ], [ -2.211117, 53.485225 ] ] ] ] } },
{ "type": "Feature", "properties": { "use": "Medium Density Housing", "base": 0.0, "height": 21.0 }, "geometry": { "type": "MultiPolygon", "coordinates": [ [ [ [ -2.211187, 53.484489 ], [ -2.211184, 53.484487 ], [ -2.210599, 53.484147 ], [ -2.210346, 53.484134 ], [ -2.210162, 53.484029 ], [ -2.210064, 53.484012 ], [ -2.210247, 53.483858 ], [ -2.210382, 53.483861 ], [ -2.210337, 53.483811 ], [ -2.210309, 53.483793 ], [ -2.210326, 53.483798 ], [ -2.21025, 53.483712 ], [ -2.210501, 53.483846 ], [ -2.210497, 53.483851 ], [ -2.210511, 53.483855 ], [ -2.210855, 53.483962 ], [ -2.210857, 53.483972 ], [ -2.211147, 53.483887 ], [ -2.21115, 53.483889 ], [ -2.211673, 53.484194 ], [ -2.211187, 53.484489 ] ], [ [ -2.210495, 53.484086 ], [ -2.210487, 53.484081 ], [ -2.210674, 53.484026 ], [ -2.210465, 53.483893 ], [ -2.21034, 53.484056 ], [ -2.210495, 53.484086 ] ] ] ] } },
{ "type": "Feature", "properties": { "use": "Medium Density Housing", "base": 0.0, "height": 22.6 }, "geometry": { "type": "MultiPolygon", "coordinates": [ [ [ [ -2.211103, 53.484518 ], [ -2.210704, 53.484751 ], [ -2.209852, 53.484235 ], [ -2.209851, 53.484234 ], [ -2.210394, 53.484112 ], [ -2.211102, 53.484517 ], [ -2.211103, 53.484518 ] ] ] ] } },
{ "type": "Feature", "properties": { "use": "Office and Commercial Space", "base": 0.1, "height": 24.0 }, "geometry": { "type": "MultiPolygon", "coordinates": [ [ [ [ -2.212831, 53.484442 ], [ -2.213065, 53.484309 ], [ -2.213418, 53.484499 ], [ -2.2132, 53.484642 ], [ -2.212831, 53.484442 ] ] ] ] } },
{ "type": "Feature", "properties": { "use": "Office and Commercial Space", "base": 0.0, "height": 21.6 }, "geometry": { "type": "MultiPolygon", "coordinates": [ [ [ [ -2.213077, 53.484701 ], [ -2.213082, 53.484704 ], [ -2.212634, 53.484988 ], [ -2.21228, 53.48479 ], [ -2.212275, 53.484787 ], [ -2.212723, 53.484503 ], [ -2.213077, 53.484701 ] ] ] ] } },
{ "type": "Feature", "properties": { "use": "Medium Density Housing", "base": 0.0, "height": 23.7 }, "geometry": { "type": "MultiPolygon", "coordinates": [ [ [ [ -2.211495, 53.485244 ], [ -2.21149, 53.485241 ], [ -2.212215, 53.484809 ], [ -2.212551, 53.485009 ], [ -2.212556, 53.485012 ], [ -2.211852, 53.485431 ], [ -2.211495, 53.485244 ] ] ] ] } },
{ "type": "Feature", "properties": { "use": "Medium Density Housing", "base": 0.0, "height": 22.9 }, "geometry": { "type": "MultiPolygon", "coordinates": [ [ [ [ -2.212187, 53.485156 ], [ -2.212106, 53.485206 ], [ -2.211925, 53.485079 ], [ -2.211913, 53.48507 ], [ -2.211989, 53.485017 ], [ -2.212175, 53.485148 ], [ -2.212187, 53.485156 ] ] ] ] } },
{ "type": "Feature", "properties": { "use": "Office and Commercial Space", "base": 0.0, "height": 20.5 }, "geometry": { "type": "MultiPolygon", "coordinates": [ [ [ [ -2.214571, 53.484638 ], [ -2.214489, 53.484591 ], [ -2.214459, 53.484607 ], [ -2.214384, 53.484565 ], [ -2.214499, 53.484484 ], [ -2.214398, 53.484426 ], [ -2.214034, 53.484636 ], [ -2.21414, 53.484701 ], [ -2.214342, 53.484583 ], [ -2.214505, 53.484682 ], [ -2.214207, 53.484863 ], [ -2.213667, 53.484536 ], [ -2.214215, 53.484208 ], [ -2.214488, 53.484363 ], [ -2.214481, 53.484368 ], [ -2.214596, 53.484433 ], [ -2.214603, 53.484429 ], [ -2.21477, 53.484532 ], [ -2.214571, 53.484638 ] ] ] ] } },
{ "type": "Feature", "properties": { "use": "Office and Commercial Space", "base": 0.0, "height": 40.3 }, "geometry": { "type": "MultiPolygon", "coordinates": [ [ [ [ -2.214805, 53.484504 ], [ -2.214274, 53.484163 ], [ -2.214777, 53.483853 ], [ -2.215511, 53.484069 ], [ -2.214806, 53.484504 ], [ -2.214805, 53.484504 ] ] ] ] } },
{ "type": "Feature", "properties": { "use": "Low Density Housing", "base": 0.0, "height": 12.8 }, "geometry": { "type": "MultiPolygon", "coordinates": [ [ [ [ -2.216667, 53.483729 ], [ -2.21673, 53.48377 ], [ -2.216731, 53.483771 ], [ -2.216236, 53.484057 ], [ -2.216055, 53.483986 ], [ -2.216054, 53.483985 ], [ -2.21661, 53.48366 ], [ -2.216695, 53.483712 ], [ -2.216696, 53.483713 ], [ -2.216667, 53.483729 ] ] ] ] } },
{ "type": "Feature", "properties": { "use": "Low Density Housing", "base": 0.0, "height": 4.0 }, "geometry": { "type": "MultiPolygon", "coordinates": [ [ [ [ -2.216691, 53.483874 ], [ -2.216752, 53.483919 ], [ -2.216413, 53.484081 ], [ -2.216362, 53.484043 ], [ -2.216478, 53.483987 ], [ -2.216468, 53.48398 ], [ -2.216691, 53.483874 ] ] ] ] } },
{ "type": "Feature", "properties": { "use": "Office and Commercial Space", "base": 0.0, "height": 40.3 }, "geometry": { "type": "MultiPolygon", "coordinates": [ [ [ [ -2.214235, 53.485524 ], [ -2.214043, 53.485602 ], [ -2.214039, 53.4856 ], [ -2.213888, 53.485508 ], [ -2.214053, 53.485413 ], [ -2.213971, 53.485362 ], [ -2.213806, 53.485457 ], [ -2.213803, 53.485455 ], [ -2.213659, 53.485366 ], [ -2.214672, 53.484783 ], [ -2.214676, 53.484785 ], [ -2.215169, 53.485088 ], [ -2.214564, 53.48537 ], [ -2.214235, 53.485524 ] ] ] ] } },
{ "type": "Feature", "properties": { "use": "Office and Commercial Space", "base": 0.0, "height": 33.1 }, "geometry": { "type": "MultiPolygon", "coordinates": [ [ [ [ -2.215205, 53.48504 ], [ -2.214766, 53.484776 ], [ -2.215689, 53.484234 ], [ -2.21636, 53.484293 ], [ -2.216596, 53.484372 ], [ -2.215205, 53.48504 ] ] ] ] } },
{ "type": "Feature", "properties": { "use": "Office and Commercial Space", "base": 0.0, "height": 23.5 }, "geometry": { "type": "MultiPolygon", "coordinates": [ [ [ [ -2.212731, 53.485582 ], [ -2.212603, 53.485629 ], [ -2.212441, 53.485689 ], [ -2.212077, 53.485516 ], [ -2.212583, 53.485196 ], [ -2.21302, 53.485476 ], [ -2.212773, 53.485623 ], [ -2.212731, 53.485582 ] ] ] ] } },
{ "type": "Feature", "properties": { "use": "Office and Commercial Space", "base": 0.0, "height": 31.1 }, "geometry": { "type": "MultiPolygon", "coordinates": [ [ [ [ -2.21407, 53.484898 ], [ -2.213154, 53.485444 ], [ -2.212683, 53.485165 ], [ -2.2136, 53.484619 ], [ -2.21407, 53.484898 ] ] ] ] } },
{ "type": "Feature", "properties": { "use": "Office and Commercial Space", "base": 0.0, "height": 27.7 }, "geometry": { "type": "MultiPolygon", "coordinates": [ [ [ [ -2.214508, 53.483863 ], [ -2.213543, 53.484457 ], [ -2.213537, 53.484455 ], [ -2.212795, 53.484027 ], [ -2.213838, 53.483387 ], [ -2.213845, 53.483389 ], [ -2.214721, 53.483714 ], [ -2.214673, 53.483744 ], [ -2.214508, 53.483863 ] ] ] ] } },
{ "type": "Feature", "properties": { "use": "Third Spaces (Dining)", "base": 0.0, "height": 20.5 }, "geometry": { "type": "MultiPolygon", "coordinates": [ [ [ [ -2.211163, 53.485416 ], [ -2.211106, 53.485413 ], [ -2.211153, 53.485214 ], [ -2.211207, 53.485226 ], [ -2.211496, 53.485398 ], [ -2.211163, 53.485416 ] ] ] ] } },
{ "type": "Feature", "properties": { "use": "Medium Density Housing", "base": 0.0, "height": 27.8 }, "geometry": { "type": "MultiPolygon", "coordinates": [ [ [ [ -2.209695, 53.485524 ], [ -2.209732, 53.485467 ], [ -2.210299, 53.485152 ], [ -2.210591, 53.485444 ], [ -2.210592, 53.485453 ], [ -2.209696, 53.485534 ], [ -2.209695, 53.485524 ] ] ] ] } },
{ "type": "Feature", "properties": { "use": "Third Spaces (Dining)", "base": 0.0, "height": 24.7 }, "geometry": { "type": "MultiPolygon", "coordinates": [ [ [ [ -2.210457, 53.485037 ], [ -2.210715, 53.484893 ], [ -2.210863, 53.484986 ], [ -2.210457, 53.485037 ] ] ] ] } },
{ "type": "Feature", "properties": { "use": "Medium Density Housing", "base": 7.4, "height": 15.3 }, "geometry": { "type": "MultiPolygon", "coordinates": [ [ [ [ -2.210471, 53.485328 ], [ -2.210416, 53.485274 ], [ -2.210417, 53.485273 ], [ -2.210469, 53.485324 ], [ -2.210471, 53.485328 ] ] ] ] } },
{ "type": "Feature", "properties": { "use": "Medium Density Housing", "base": 0.0, "height": 16.8 }, "geometry": { "type": "MultiPolygon", "coordinates": [ [ [ [ -2.211973, 53.485849 ], [ -2.211547, 53.48593 ], [ -2.211314, 53.485941 ], [ -2.210672, 53.485551 ], [ -2.211672, 53.485504 ], [ -2.212169, 53.485805 ], [ -2.212024, 53.485839 ], [ -2.211973, 53.485849 ] ] ] ] } },
{ "type": "Feature", "properties": { "use": "Medium Density Housing", "base": 0.0, "height": 23.2 }, "geometry": { "type": "MultiPolygon", "coordinates": [ [ [ [ -2.209229, 53.485635 ], [ -2.21059, 53.485571 ], [ -2.21119, 53.485952 ], [ -2.209741, 53.48596 ], [ -2.209229, 53.485635 ] ] ] ] } },
{ "type": "Feature", "properties": { "use": "Medium Density Housing", "base": 0.0, "height": 22.7 }, "geometry": { "type": "MultiPolygon", "coordinates": [ [ [ [ -2.208513, 53.486104 ], [ -2.208544, 53.48586 ], [ -2.208444, 53.485644 ], [ -2.209086, 53.485638 ], [ -2.209125, 53.485635 ], [ -2.209151, 53.485653 ], [ -2.20962, 53.485968 ], [ -2.208513, 53.486104 ] ] ] ] } },
{ "type": "Feature", "properties": { "use": "Medium Density Housing", "base": 0.0, "height": 26.4 }, "geometry": { "type": "MultiPolygon", "coordinates": [ [ [ [ -2.208426, 53.485589 ], [ -2.20805, 53.485386 ], [ -2.208046, 53.485381 ], [ -2.209842, 53.484435 ], [ -2.210539, 53.484841 ], [ -2.210544, 53.484847 ], [ -2.20945, 53.485511 ], [ -2.208426, 53.485589 ] ] ] ] } },
{ "type": "Feature", "properties": { "use": "Medium Density Housing", "base": 0.0, "height": 20.0 }, "geometry": { "type": "MultiPolygon", "coordinates": [ [ [ [ -2.20923, 53.482603 ], [ -2.20891, 53.483293 ], [ -2.208672, 53.483254 ], [ -2.208992, 53.482564 ], [ -2.20923, 53.482603 ] ] ] ] } },
{ "type": "Feature", "properties": { "use": "Third Spaces (Dining)", "base": 0.0, "height": 18.2 }, "geometry": { "type": "MultiPolygon", "coordinates": [ [ [ [ -2.211236, 53.482974 ], [ -2.210903, 53.482957 ], [ -2.210903, 53.482956 ], [ -2.210921, 53.482834 ], [ -2.211506, 53.482848 ], [ -2.211236, 53.482974 ] ] ] ] } },
{ "type": "Feature", "properties": { "use": "Medium Density Housing", "base": 0.0, "height": 14.6 }, "geometry": { "type": "MultiPolygon", "coordinates": [ [ [ [ -2.210851, 53.482966 ], [ -2.2102, 53.483029 ], [ -2.210239, 53.482799 ], [ -2.210875, 53.482827 ], [ -2.210851, 53.482966 ] ] ] ] } },
{ "type": "Feature", "properties": { "use": "Medium Density Housing", "base": 0.0, "height": 17.5 }, "geometry": { "type": "MultiPolygon", "coordinates": [ [ [ [ -2.208516, 53.484044 ], [ -2.208746, 53.484164 ], [ -2.208368, 53.484474 ], [ -2.207514, 53.484872 ], [ -2.206683, 53.48503 ], [ -2.206603, 53.48479 ], [ -2.207842, 53.484504 ], [ -2.208516, 53.484044 ] ] ] ] } },
{ "type": "Feature", "properties": { "use": "Medium Density Housing", "base": 0.0, "height": 17.1 }, "geometry": { "type": "MultiPolygon", "coordinates": [ [ [ [ -2.208265, 53.483272 ], [ -2.207942, 53.483328 ], [ -2.207863, 53.483165 ], [ -2.207961, 53.482936 ], [ -2.208526, 53.483021 ], [ -2.208466, 53.483273 ], [ -2.208265, 53.483272 ] ] ] ] } },
{ "type": "Feature", "properties": { "use": "Medium Density Housing", "base": 0.0, "height": 19.7 }, "geometry": { "type": "MultiPolygon", "coordinates": [ [ [ [ -2.208954, 53.483753 ], [ -2.208871, 53.483675 ], [ -2.208773, 53.483542 ], [ -2.208694, 53.4833 ], [ -2.209241, 53.483379 ], [ -2.209097, 53.483733 ], [ -2.209063, 53.483819 ], [ -2.208954, 53.483753 ] ] ] ] } },
{ "type": "Feature", "properties": { "use": "Medium Density Housing", "base": 0.0, "height": 19.7 }, "geometry": { "type": "MultiPolygon", "coordinates": [ [ [ [ -2.209266, 53.483381 ], [ -2.209649, 53.483492 ], [ -2.209383, 53.483819 ], [ -2.209352, 53.48382 ], [ -2.209081, 53.483828 ], [ -2.209266, 53.483381 ] ] ] ] } },
{ "type": "Feature", "properties": { "use": "Medium Density Housing", "base": 0.0, "height": 17.2 }, "geometry": { "type": "MultiPolygon", "coordinates": [ [ [ [ -2.209917, 53.483106 ], [ -2.209683, 53.483429 ], [ -2.209311, 53.483333 ], [ -2.209515, 53.483051 ], [ -2.209675, 53.483092 ], [ -2.209917, 53.483106 ] ] ] ] } },
{ "type": "Feature", "properties": { "use": "Medium Density Housing", "base": 0.0, "height": 21.0 }, "geometry": { "type": "MultiPolygon", "coordinates": [ [ [ [ -2.210173, 53.482798 ], [ -2.21016, 53.482881 ], [ -2.21016, 53.483053 ], [ -2.210132, 53.483053 ], [ -2.210131, 53.483053 ], [ -2.209666, 53.483053 ], [ -2.209584, 53.483053 ], [ -2.20953, 53.482724 ], [ -2.209234, 53.483333 ], [ -2.208982, 53.483293 ], [ -2.209276, 53.482634 ], [ -2.209521, 53.482672 ], [ -2.209515, 53.482634 ], [ -2.209729, 53.482676 ], [ -2.210183, 53.482738 ], [ -2.210173, 53.482798 ] ] ] ] } },
{ "type": "Feature", "properties": { "use": "Medium Density Housing", "base": 0.0, "height": 20.1 }, "geometry": { "type": "MultiPolygon", "coordinates": [ [ [ [ -2.208101, 53.482449 ], [ -2.208704, 53.482566 ], [ -2.208539, 53.48297 ], [ -2.208008, 53.482893 ], [ -2.208094, 53.482683 ], [ -2.20801, 53.482671 ], [ -2.208101, 53.482449 ] ] ] ] } },
{ "type": "Feature", "properties": { "use": "Medium Density Housing", "base": 0.0, "height": 16.7 }, "geometry": { "type": "MultiPolygon", "coordinates": [ [ [ [ -2.207654, 53.483216 ], [ -2.20669, 53.483016 ], [ -2.206868, 53.482712 ], [ -2.207706, 53.482886 ], [ -2.207724, 53.483095 ], [ -2.207654, 53.483216 ] ] ] ] } },
{ "type": "Feature", "properties": { "use": "Medium Density Housing", "base": 0.0, "height": 17.5 }, "geometry": { "type": "MultiPolygon", "coordinates": [ [ [ [ -2.20768, 53.483395 ], [ -2.206647, 53.483621 ], [ -2.206683, 53.483087 ], [ -2.206685, 53.483084 ], [ -2.207593, 53.483244 ], [ -2.207683, 53.483392 ], [ -2.20768, 53.483395 ] ] ] ] } },
{ "type": "Feature", "properties": { "use": "Medium Density Housing", "base": 0.0, "height": 17.5 }, "geometry": { "type": "MultiPolygon", "coordinates": [ [ [ [ -2.207118, 53.482235 ], [ -2.208011, 53.482425 ], [ -2.207854, 53.482731 ], [ -2.206922, 53.482561 ], [ -2.207118, 53.482235 ] ] ] ] } },
{ "type": "Feature", "properties": { "use": "Medium Density Housing", "base": 0.0, "height": 17.5 }, "geometry": { "type": "MultiPolygon", "coordinates": [ [ [ [ -2.206993, 53.482216 ], [ -2.206556, 53.482664 ], [ -2.206092, 53.482565 ], [ -2.206381, 53.482085 ], [ -2.206993, 53.482216 ] ] ] ] } },
{ "type": "Feature", "properties": { "use": "Medium Density Housing", "base": 0.0, "height": 19.7 }, "geometry": { "type": "MultiPolygon", "coordinates": [ [ [ [ -2.205738, 53.483427 ], [ -2.205801, 53.483158 ], [ -2.20588, 53.482818 ], [ -2.205949, 53.482612 ], [ -2.206578, 53.482741 ], [ -2.206343, 53.483429 ], [ -2.205738, 53.483427 ] ] ] ] } },
{ "type": "Feature", "properties": { "use": "Medium Density Housing", "base": 0.0, "height": 21.6 }, "geometry": { "type": "MultiPolygon", "coordinates": [ [ [ [ -2.205745, 53.483883 ], [ -2.205745, 53.483455 ], [ -2.206339, 53.483455 ], [ -2.206411, 53.48367 ], [ -2.205745, 53.483883 ] ] ] ] } },
{ "type": "Feature", "properties": { "use": "Medium Density Housing", "base": 0.0, "height": 11.5 }, "geometry": { "type": "MultiPolygon", "coordinates": [ [ [ [ -2.207804, 53.483772 ], [ -2.207731, 53.483468 ], [ -2.208143, 53.483381 ], [ -2.208143, 53.483437 ], [ -2.207974, 53.483604 ], [ -2.207804, 53.483772 ] ] ] ] } },
{ "type": "Feature", "properties": { "use": "Third Spaces (Dining)", "base": 0.0, "height": 14.3 }, "geometry": { "type": "MultiPolygon", "coordinates": [ [ [ [ -2.20829, 53.483813 ], [ -2.208037, 53.48371 ], [ -2.20829, 53.483443 ], [ -2.20829, 53.483339 ], [ -2.208508, 53.483339 ], [ -2.208573, 53.483567 ], [ -2.20829, 53.483813 ] ] ] ] } },
{ "type": "Feature", "properties": { "use": "Medium Density Housing", "base": 0.0, "height": 12.5 }, "geometry": { "type": "MultiPolygon", "coordinates": [ [ [ [ -2.207767, 53.483812 ], [ -2.207012, 53.483959 ], [ -2.206898, 53.483778 ], [ -2.20683, 53.48367 ], [ -2.20767, 53.483483 ], [ -2.207767, 53.483812 ] ] ] ] } },
{ "type": "Feature", "properties": { "use": "Medium Density Housing", "base": 0.0, "height": 10.3 }, "geometry": { "type": "MultiPolygon", "coordinates": [ [ [ [ -2.206079, 53.484521 ], [ -2.206013, 53.484412 ], [ -2.20597, 53.484339 ], [ -2.205931, 53.484273 ], [ -2.205981, 53.484262 ], [ -2.205936, 53.483945 ], [ -2.206452, 53.483792 ], [ -2.206452, 53.484507 ], [ -2.206079, 53.484521 ] ] ] ] } },
{ "type": "Feature", "properties": { "use": "Medium Density Housing", "base": 0.0, "height": 14.0 }, "geometry": { "type": "MultiPolygon", "coordinates": [ [ [ [ -2.207338, 53.484218 ], [ -2.207045, 53.483976 ], [ -2.207738, 53.483846 ], [ -2.207338, 53.484218 ] ] ] ] } },
{ "type": "Feature", "properties": { "use": "Medium Density Housing", "base": 0.0, "height": 28.8 }, "geometry": { "type": "MultiPolygon", "coordinates": [ [ [ [ -2.206503, 53.484438 ], [ -2.206508, 53.483752 ], [ -2.206793, 53.48369 ], [ -2.206794, 53.48369 ], [ -2.206989, 53.484007 ], [ -2.207321, 53.484248 ], [ -2.206504, 53.484438 ], [ -2.206503, 53.484438 ] ] ] ] } },
{ "type": "Feature", "properties": { "use": "Medium Density Housing", "base": 0.0, "height": 18.5 }, "geometry": { "type": "MultiPolygon", "coordinates": [ [ [ [ -2.207784, 53.48446 ], [ -2.206563, 53.484738 ], [ -2.206511, 53.484493 ], [ -2.207328, 53.484285 ], [ -2.207784, 53.48446 ] ] ] ] } },
{ "type": "Feature", "properties": { "use": "Medium Density Housing", "base": 0.0, "height": 8.6 }, "geometry": { "type": "MultiPolygon", "coordinates": [ [ [ [ -2.207989, 53.484294 ], [ -2.207569, 53.484144 ], [ -2.207973, 53.483743 ], [ -2.208426, 53.483943 ], [ -2.208424, 53.483999 ], [ -2.208046, 53.484287 ], [ -2.207989, 53.484294 ] ] ] ] } },
{ "type": "Feature", "properties": { "use": "Medium Density Housing", "base": 0.0, "height": 26.2 }, "geometry": { "type": "MultiPolygon", "coordinates": [ [ [ [ -2.209084, 53.484003 ], [ -2.208842, 53.484144 ], [ -2.208353, 53.483847 ], [ -2.208604, 53.483627 ], [ -2.20881, 53.483837 ], [ -2.209084, 53.484003 ] ] ] ] } },
{ "type": "Feature", "properties": { "use": "Medium Density Housing", "base": 0.0, "height": 13.9 }, "geometry": { "type": "MultiPolygon", "coordinates": [ [ [ [ -2.206271, 53.485063 ], [ -2.206158, 53.484749 ], [ -2.206095, 53.484574 ], [ -2.206444, 53.484529 ], [ -2.206621, 53.485019 ], [ -2.206271, 53.485063 ] ] ] ] } },
{ "type": "Feature", "properties": { "use": "Low Density Housing", "base": 0.0, "height": 8.6 }, "geometry": { "type": "MultiPolygon", "coordinates": [ [ [ [ -2.212532, 53.486148 ], [ -2.212475, 53.486168 ], [ -2.212496, 53.486189 ], [ -2.212453, 53.486204 ], [ -2.212432, 53.486183 ], [ -2.212373, 53.486203 ], [ -2.212395, 53.486225 ], [ -2.212358, 53.486237 ], [ -2.212337, 53.486216 ], [ -2.212275, 53.486238 ], [ -2.212296, 53.486259 ], [ -2.212255, 53.486273 ], [ -2.212234, 53.486252 ], [ -2.212174, 53.486273 ], [ -2.212199, 53.486293 ], [ -2.21216, 53.486306 ], [ -2.212139, 53.486285 ], [ -2.2121, 53.486299 ], [ -2.212047, 53.486246 ], [ -2.212548, 53.48607 ], [ -2.212601, 53.486124 ], [ -2.21257, 53.486135 ], [ -2.212591, 53.486156 ], [ -2.212553, 53.486169 ], [ -2.212532, 53.486148 ] ] ] ] } },
{ "type": "Feature", "properties": { "use": "Low Density Housing", "base": 0.0, "height": 8.5 }, "geometry": { "type": "MultiPolygon", "coordinates": [ [ [ [ -2.211799, 53.48647 ], [ -2.211759, 53.486485 ], [ -2.211738, 53.486463 ], [ -2.211677, 53.486484 ], [ -2.211703, 53.486504 ], [ -2.211664, 53.486518 ], [ -2.211643, 53.486496 ], [ -2.211584, 53.486517 ], [ -2.211605, 53.486538 ], [ -2.211602, 53.486539 ], [ -2.211566, 53.486552 ], [ -2.211545, 53.486531 ], [ -2.211504, 53.486545 ], [ -2.211451, 53.486492 ], [ -2.212052, 53.486282 ], [ -2.212105, 53.486335 ], [ -2.212074, 53.486346 ], [ -2.212095, 53.486367 ], [ -2.212057, 53.48638 ], [ -2.212036, 53.486359 ], [ -2.211979, 53.486379 ], [ -2.212, 53.4864 ], [ -2.211957, 53.486415 ], [ -2.211936, 53.486394 ], [ -2.211877, 53.486415 ], [ -2.211898, 53.486436 ], [ -2.211861, 53.486449 ], [ -2.21184, 53.486427 ], [ -2.211778, 53.486449 ], [ -2.211799, 53.48647 ] ] ] ] } },
{ "type": "Feature", "properties": { "use": "Low Density Housing", "base": 0.0, "height": 8.5 }, "geometry": { "type": "MultiPolygon", "coordinates": [ [ [ [ -2.211254, 53.486362 ], [ -2.21121, 53.486373 ], [ -2.211195, 53.486349 ], [ -2.211129, 53.486364 ], [ -2.211149, 53.486386 ], [ -2.211107, 53.486396 ], [ -2.211092, 53.486373 ], [ -2.211028, 53.486388 ], [ -2.211043, 53.486411 ], [ -2.211002, 53.48642 ], [ -2.210987, 53.486397 ], [ -2.210942, 53.486407 ], [ -2.210904, 53.48635 ], [ -2.211555, 53.486201 ], [ -2.211592, 53.486258 ], [ -2.211558, 53.486266 ], [ -2.211573, 53.486289 ], [ -2.211533, 53.486299 ], [ -2.211518, 53.486275 ], [ -2.211456, 53.48629 ], [ -2.211471, 53.486313 ], [ -2.211424, 53.486323 ], [ -2.211409, 53.4863 ], [ -2.211346, 53.486315 ], [ -2.211361, 53.486338 ], [ -2.211321, 53.486347 ], [ -2.211306, 53.486324 ], [ -2.211239, 53.486339 ], [ -2.211254, 53.486362 ] ] ] ] } },
{ "type": "Feature", "properties": { "use": "Low Density Housing", "base": 0.0, "height": 9.4 }, "geometry": { "type": "MultiPolygon", "coordinates": [ [ [ [ -2.21053, 53.486981 ], [ -2.210464, 53.486999 ], [ -2.210485, 53.487026 ], [ -2.210445, 53.487037 ], [ -2.210427, 53.487012 ], [ -2.210363, 53.48703 ], [ -2.210382, 53.48705 ], [ -2.210343, 53.487063 ], [ -2.210321, 53.48704 ], [ -2.21026, 53.487059 ], [ -2.210281, 53.487083 ], [ -2.210239, 53.487096 ], [ -2.210218, 53.487073 ], [ -2.210185, 53.487083 ], [ -2.210132, 53.487026 ], [ -2.21055, 53.486908 ], [ -2.210596, 53.486963 ], [ -2.210569, 53.48697 ], [ -2.210588, 53.486994 ], [ -2.210552, 53.487006 ], [ -2.21053, 53.486981 ] ] ] ] } },
{ "type": "Feature", "properties": { "use": "Low Density Housing", "base": 0.0, "height": 3.3 }, "geometry": { "type": "MultiPolygon", "coordinates": [ [ [ [ -2.209933, 53.486508 ], [ -2.209909, 53.486488 ], [ -2.209944, 53.486472 ], [ -2.209901, 53.486437 ], [ -2.209865, 53.486453 ], [ -2.20984, 53.486433 ], [ -2.209875, 53.486417 ], [ -2.209832, 53.486382 ], [ -2.209796, 53.486398 ], [ -2.209771, 53.486378 ], [ -2.209807, 53.486362 ], [ -2.209764, 53.486328 ], [ -2.209728, 53.486344 ], [ -2.209703, 53.486323 ], [ -2.209738, 53.486307 ], [ -2.209712, 53.486286 ], [ -2.209794, 53.486249 ], [ -2.209797, 53.486248 ], [ -2.210139, 53.486524 ], [ -2.210056, 53.486561 ], [ -2.210037, 53.486547 ], [ -2.210002, 53.486563 ], [ -2.209977, 53.486543 ], [ -2.210013, 53.486527 ], [ -2.209969, 53.486492 ], [ -2.209933, 53.486508 ] ] ] ] } },
{ "type": "Feature", "properties": { "use": "Low Density Housing", "base": 0.0, "height": 4.3 }, "geometry": { "type": "MultiPolygon", "coordinates": [ [ [ [ -2.210798, 53.486461 ], [ -2.210746, 53.486483 ], [ -2.210766, 53.4865 ], [ -2.210731, 53.486514 ], [ -2.21073, 53.486514 ], [ -2.210706, 53.486494 ], [ -2.210647, 53.486519 ], [ -2.210671, 53.48654 ], [ -2.210639, 53.486553 ], [ -2.210638, 53.486553 ], [ -2.210614, 53.486533 ], [ -2.210577, 53.486548 ], [ -2.210557, 53.486531 ], [ -2.210533, 53.486542 ], [ -2.210558, 53.486563 ], [ -2.210525, 53.486577 ], [ -2.210524, 53.486577 ], [ -2.210498, 53.486555 ], [ -2.210438, 53.48658 ], [ -2.210465, 53.486602 ], [ -2.210431, 53.486617 ], [ -2.21043, 53.486616 ], [ -2.210404, 53.486594 ], [ -2.210345, 53.486619 ], [ -2.210371, 53.486641 ], [ -2.210337, 53.486655 ], [ -2.210336, 53.486655 ], [ -2.210311, 53.486634 ], [ -2.210272, 53.486652 ], [ -2.210271, 53.486652 ], [ -2.210207, 53.486597 ], [ -2.210496, 53.486477 ], [ -2.210497, 53.486476 ], [ -2.210498, 53.486477 ], [ -2.210518, 53.486494 ], [ -2.2108, 53.486378 ], [ -2.210801, 53.486379 ], [ -2.210864, 53.486431 ], [ -2.210842, 53.48644 ], [ -2.210863, 53.486459 ], [ -2.210825, 53.486475 ], [ -2.210824, 53.486475 ], [ -2.210798, 53.486461 ] ] ] ] } },
{ "type": "Feature", "properties": { "use": "Low Density Housing", "base": 0.0, "height": 8.0 }, "geometry": { "type": "MultiPolygon", "coordinates": [ [ [ [ -2.211249, 53.486715 ], [ -2.211228, 53.486688 ], [ -2.211205, 53.486694 ], [ -2.211222, 53.486716 ], [ -2.211181, 53.486727 ], [ -2.211165, 53.486705 ], [ -2.211125, 53.486715 ], [ -2.2111, 53.486722 ], [ -2.211108, 53.486731 ], [ -2.211119, 53.486747 ], [ -2.211078, 53.486758 ], [ -2.21106, 53.486733 ], [ -2.210996, 53.486749 ], [ -2.211014, 53.486775 ], [ -2.210973, 53.486785 ], [ -2.210957, 53.486763 ], [ -2.210917, 53.486774 ], [ -2.210871, 53.486712 ], [ -2.211184, 53.486629 ], [ -2.211165, 53.486603 ], [ -2.211145, 53.486576 ], [ -2.211236, 53.486552 ], [ -2.21134, 53.486691 ], [ -2.211249, 53.486715 ] ] ] ] } },
{ "type": "Feature", "properties": { "use": "Low Density Housing", "base": 0.0, "height": 9.4 }, "geometry": { "type": "MultiPolygon", "coordinates": [ [ [ [ -2.210884, 53.486834 ], [ -2.210902, 53.486858 ], [ -2.210866, 53.486869 ], [ -2.210844, 53.486845 ], [ -2.210779, 53.486863 ], [ -2.210799, 53.486889 ], [ -2.21076, 53.4869 ], [ -2.210741, 53.486876 ], [ -2.210678, 53.486893 ], [ -2.210697, 53.486914 ], [ -2.210657, 53.486927 ], [ -2.210636, 53.486903 ], [ -2.210574, 53.486923 ], [ -2.210592, 53.486916 ], [ -2.210542, 53.486862 ], [ -2.210865, 53.486771 ], [ -2.21091, 53.486826 ], [ -2.210884, 53.486834 ] ] ], [ [ [ -2.210596, 53.486946 ], [ -2.210554, 53.48696 ], [ -2.210532, 53.486936 ], [ -2.210574, 53.486923 ], [ -2.210596, 53.486946 ] ] ] ] } },
{ "type": "Feature", "properties": { "use": "Third Spaces (Dining)", "base": 0.0, "height": 5.4 }, "geometry": { "type": "MultiPolygon", "coordinates": [ [ [ [ -2.210011, 53.487227 ], [ -2.209724, 53.487354 ], [ -2.20963, 53.487276 ], [ -2.209817, 53.487196 ], [ -2.209807, 53.487187 ], [ -2.209885, 53.487155 ], [ -2.209896, 53.487164 ], [ -2.209922, 53.487153 ], [ -2.210011, 53.487227 ] ] ] ] } },
{ "type": "Feature", "properties": { "use": "Light Industry", "base": 0.0, "height": 59.8 }, "geometry": { "type": "MultiPolygon", "coordinates": [ [ [ [ -2.203119, 53.490375 ], [ -2.202946, 53.4903 ], [ -2.204111, 53.489355 ], [ -2.204841, 53.489464 ], [ -2.203874, 53.490041 ], [ -2.203119, 53.490375 ] ] ] ] } },
{ "type": "Feature", "properties": { "use": "Light Industry", "base": 0.0, "height": 10.4 }, "geometry": { "type": "MultiPolygon", "coordinates": [ [ [ [ -2.205431, 53.488725 ], [ -2.2051, 53.488855 ], [ -2.205028, 53.48879 ], [ -2.205359, 53.48866 ], [ -2.205431, 53.488725 ] ] ] ] } },
{ "type": "Feature", "properties": { "use": "Light Industry", "base": 0.0, "height": 39.6 }, "geometry": { "type": "MultiPolygon", "coordinates": [ [ [ [ -2.20425, 53.489274 ], [ -2.204485, 53.489085 ], [ -2.204721, 53.488896 ], [ -2.205252, 53.489303 ], [ -2.204998, 53.48942 ], [ -2.20425, 53.489274 ] ] ] ] } },
{ "type": "Feature", "properties": { "use": "Light Industry", "base": 0.0, "height": 7.7 }, "geometry": { "type": "MultiPolygon", "coordinates": [ [ [ [ -2.205345, 53.488461 ], [ -2.204847, 53.488865 ], [ -2.204754, 53.488824 ], [ -2.205252, 53.488421 ], [ -2.205345, 53.488461 ] ] ] ] } },
{ "type": "Feature", "properties": { "use": "Light Industry", "base": 0.0, "height": 10.5 }, "geometry": { "type": "MultiPolygon", "coordinates": [ [ [ [ -2.205567, 53.48879 ], [ -2.205415, 53.488632 ], [ -2.205518, 53.488597 ], [ -2.20567, 53.488755 ], [ -2.205567, 53.48879 ] ] ] ] } },
{ "type": "Feature", "properties": { "use": "Light Industry", "base": 0.0, "height": 9.7 }, "geometry": { "type": "MultiPolygon", "coordinates": [ [ [ [ -2.205711, 53.489102 ], [ -2.205327, 53.489269 ], [ -2.205161, 53.489133 ], [ -2.205545, 53.488966 ], [ -2.205711, 53.489102 ] ] ] ] } },
{ "type": "Feature", "properties": { "use": "Light Industry", "base": 0.0, "height": 10.2 }, "geometry": { "type": "MultiPolygon", "coordinates": [ [ [ [ -2.205554, 53.488903 ], [ -2.205734, 53.488823 ], [ -2.205959, 53.489003 ], [ -2.205779, 53.489082 ], [ -2.205554, 53.488903 ] ] ] ] } },
{ "type": "Feature", "properties": { "use": "Light Industry", "base": 0.0, "height": 11.7 }, "geometry": { "type": "MultiPolygon", "coordinates": [ [ [ [ -2.204947, 53.489029 ], [ -2.204829, 53.488931 ], [ -2.204829, 53.48893 ], [ -2.205254, 53.48875 ], [ -2.205255, 53.488751 ], [ -2.205288, 53.488779 ], [ -2.205372, 53.488849 ], [ -2.204947, 53.489029 ] ] ] ] } },
{ "type": "Feature", "properties": { "use": "Light Industry", "base": 0.0, "height": 3.7 }, "geometry": { "type": "MultiPolygon", "coordinates": [ [ [ [ -2.208024, 53.488089 ], [ -2.207437, 53.488362 ], [ -2.207318, 53.488272 ], [ -2.207906, 53.487999 ], [ -2.208024, 53.488089 ] ] ] ] } },
{ "type": "Feature", "properties": { "use": "Light Industry", "base": 0.0, "height": 13.1 }, "geometry": { "type": "MultiPolygon", "coordinates": [ [ [ [ -2.209261, 53.487557 ], [ -2.208163, 53.488062 ], [ -2.207943, 53.487876 ], [ -2.209065, 53.487406 ], [ -2.209261, 53.487557 ] ] ] ] } },
{ "type": "Feature", "properties": { "use": "Light Industry", "base": 0.0, "height": 6.3 }, "geometry": { "type": "MultiPolygon", "coordinates": [ [ [ [ -2.206354, 53.488682 ], [ -2.206242, 53.488729 ], [ -2.206081, 53.488592 ], [ -2.206193, 53.488545 ], [ -2.206354, 53.488682 ] ] ] ] } },
{ "type": "Feature", "properties": { "use": "Light Industry", "base": 0.0, "height": 7.1 }, "geometry": { "type": "MultiPolygon", "coordinates": [ [ [ [ -2.205892, 53.488676 ], [ -2.206067, 53.488609 ], [ -2.206231, 53.488759 ], [ -2.206056, 53.488826 ], [ -2.205892, 53.488676 ] ] ] ] } },
{ "type": "Feature", "properties": { "use": "Light Industry", "base": 0.0, "height": 6.4 }, "geometry": { "type": "MultiPolygon", "coordinates": [ [ [ [ -2.205371, 53.488245 ], [ -2.205497, 53.488181 ], [ -2.2055, 53.48818 ], [ -2.205677, 53.488302 ], [ -2.205551, 53.488367 ], [ -2.205548, 53.488367 ], [ -2.205371, 53.488245 ] ] ] ] } },
{ "type": "Feature", "properties": { "use": "Light Industry", "base": 0.0, "height": 11.3 }, "geometry": { "type": "MultiPolygon", "coordinates": [ [ [ [ -2.206246, 53.488402 ], [ -2.205953, 53.488529 ], [ -2.205849, 53.488444 ], [ -2.206142, 53.488317 ], [ -2.206246, 53.488402 ] ] ] ] } },
{ "type": "Feature", "properties": { "use": "Light Industry", "base": 0.0, "height": 8.3 }, "geometry": { "type": "MultiPolygon", "coordinates": [ [ [ [ -2.205791, 53.488361 ], [ -2.205739, 53.488319 ], [ -2.205996, 53.488208 ], [ -2.206048, 53.48825 ], [ -2.205791, 53.488361 ] ] ] ] } },
{ "type": "Feature", "properties": { "use": "Light Industry", "base": 0.0, "height": 9.8 }, "geometry": { "type": "MultiPolygon", "coordinates": [ [ [ [ -2.205907, 53.488201 ], [ -2.205712, 53.488045 ], [ -2.205787, 53.488012 ], [ -2.205981, 53.488168 ], [ -2.205907, 53.488201 ] ] ] ] } },
{ "type": "Feature", "properties": { "use": "Light Industry", "base": 0.0, "height": 3.9 }, "geometry": { "type": "MultiPolygon", "coordinates": [ [ [ [ -2.206137, 53.488943 ], [ -2.206053, 53.488867 ], [ -2.206528, 53.48868 ], [ -2.206612, 53.488756 ], [ -2.206137, 53.488943 ] ] ] ] } },
{ "type": "Feature", "properties": { "use": "Light Industry", "base": 0.0, "height": 4.1 }, "geometry": { "type": "MultiPolygon", "coordinates": [ [ [ [ -2.205772, 53.488681 ], [ -2.205555, 53.488499 ], [ -2.205683, 53.488445 ], [ -2.2059, 53.488626 ], [ -2.205772, 53.488681 ] ] ] ] } },
{ "type": "Feature", "properties": { "use": "Light Industry", "base": 0.0, "height": 2.9 }, "geometry": { "type": "MultiPolygon", "coordinates": [ [ [ [ -2.213461, 53.485836 ], [ -2.213327, 53.48589 ], [ -2.213276, 53.485845 ], [ -2.21341, 53.485791 ], [ -2.213461, 53.485836 ] ] ] ] } },
{ "type": "Feature", "properties": { "use": "Light Industry", "base": 0.0, "height": 5.1 }, "geometry": { "type": "MultiPolygon", "coordinates": [ [ [ [ -2.213509, 53.485817 ], [ -2.21342, 53.48574 ], [ -2.213549, 53.485687 ], [ -2.21355, 53.485687 ], [ -2.213639, 53.485764 ], [ -2.21351, 53.485818 ], [ -2.213509, 53.485817 ] ] ] ] } },
{ "type": "Feature", "properties": { "use": "Light Industry", "base": 0.0, "height": 4.4 }, "geometry": { "type": "MultiPolygon", "coordinates": [ [ [ [ -2.213799, 53.485697 ], [ -2.213722, 53.485745 ], [ -2.213485, 53.485612 ], [ -2.213561, 53.485564 ], [ -2.213799, 53.485697 ] ] ] ] } },
{ "type": "Feature", "properties": { "use": "Light Industry", "base": 0.0, "height": 4.5 }, "geometry": { "type": "MultiPolygon", "coordinates": [ [ [ [ -2.213224, 53.485625 ], [ -2.213504, 53.485462 ], [ -2.213606, 53.485525 ], [ -2.213326, 53.485687 ], [ -2.213224, 53.485625 ] ] ] ] } },
{ "type": "Feature", "properties": { "use": "Light Industry", "base": 0.0, "height": 12.5 }, "geometry": { "type": "MultiPolygon", "coordinates": [ [ [ [ -2.206606, 53.488485 ], [ -2.206072, 53.488054 ], [ -2.206891, 53.487695 ], [ -2.207425, 53.488127 ], [ -2.206606, 53.488485 ] ] ] ] } },
{ "type": "Feature", "properties": { "use": "Light Industry", "base": 0.0, "height": 9.3 }, "geometry": { "type": "MultiPolygon", "coordinates": [ [ [ [ -2.206315, 53.487662 ], [ -2.206419, 53.487759 ], [ -2.206264, 53.48782 ], [ -2.206201, 53.487807 ], [ -2.205984, 53.487923 ], [ -2.205803, 53.487754 ], [ -2.206015, 53.487473 ], [ -2.206174, 53.487389 ], [ -2.206313, 53.487416 ], [ -2.206398, 53.487419 ], [ -2.206565, 53.487545 ], [ -2.206315, 53.487662 ] ] ] ] } },
{ "type": "Feature", "properties": { "use": "Light Industry", "base": 0.0, "height": 10.4 }, "geometry": { "type": "MultiPolygon", "coordinates": [ [ [ [ -2.207111, 53.487048 ], [ -2.207402, 53.48732 ], [ -2.206953, 53.487515 ], [ -2.206669, 53.487249 ], [ -2.207111, 53.487048 ] ] ] ] } },
{ "type": "Feature", "properties": { "use": "Light Industry", "base": 0.0, "height": 8.5 }, "geometry": { "type": "MultiPolygon", "coordinates": [ [ [ [ -2.207783, 53.48766 ], [ -2.207631, 53.487721 ], [ -2.20733, 53.487456 ], [ -2.207482, 53.487395 ], [ -2.207783, 53.48766 ] ] ] ] } },
{ "type": "Feature", "properties": { "use": "Light Industry", "base": 0.0, "height": 7.8 }, "geometry": { "type": "MultiPolygon", "coordinates": [ [ [ [ -2.207509, 53.487766 ], [ -2.207358, 53.487825 ], [ -2.20707, 53.487596 ], [ -2.207245, 53.487528 ], [ -2.207509, 53.487766 ] ] ] ] } },
{ "type": "Feature", "properties": { "use": "Low Density Housing", "base": 0.0, "height": 4.1 }, "geometry": { "type": "MultiPolygon", "coordinates": [ [ [ [ -2.209633, 53.480042 ], [ -2.209547, 53.480025 ], [ -2.209562, 53.479998 ], [ -2.209431, 53.479973 ], [ -2.209416, 53.479999 ], [ -2.209345, 53.479985 ], [ -2.209387, 53.479902 ], [ -2.209407, 53.479902 ], [ -2.209681, 53.479956 ], [ -2.209633, 53.480042 ] ] ] ] } },
{ "type": "Feature", "properties": { "use": "Low Density Housing", "base": 0.0, "height": 4.1 }, "geometry": { "type": "MultiPolygon", "coordinates": [ [ [ [ -2.209497, 53.480247 ], [ -2.209222, 53.480195 ], [ -2.209268, 53.480109 ], [ -2.209355, 53.480125 ], [ -2.209341, 53.480152 ], [ -2.209472, 53.480176 ], [ -2.209486, 53.48015 ], [ -2.209558, 53.480163 ], [ -2.209518, 53.480246 ], [ -2.209497, 53.480247 ] ] ] ] } },
{ "type": "Feature", "properties": { "use": "Low Density Housing", "base": 0.0, "height": 4.1 }, "geometry": { "type": "MultiPolygon", "coordinates": [ [ [ [ -2.209517, 53.48075 ], [ -2.209242, 53.480698 ], [ -2.209288, 53.480612 ], [ -2.209375, 53.480629 ], [ -2.20936, 53.480655 ], [ -2.209492, 53.48068 ], [ -2.209506, 53.480653 ], [ -2.209577, 53.480667 ], [ -2.209538, 53.48075 ], [ -2.209517, 53.48075 ] ] ] ] } },
{ "type": "Feature", "properties": { "use": "Low Density Housing", "base": 0.0, "height": 4.1 }, "geometry": { "type": "MultiPolygon", "coordinates": [ [ [ [ -2.209647, 53.480569 ], [ -2.209561, 53.48055 ], [ -2.209578, 53.480524 ], [ -2.209449, 53.480495 ], [ -2.209432, 53.480521 ], [ -2.209362, 53.480506 ], [ -2.209409, 53.480424 ], [ -2.20943, 53.480424 ], [ -2.2097, 53.480485 ], [ -2.209647, 53.480569 ] ] ] ] } },
{ "type": "Feature", "properties": { "use": "Low Density Housing", "base": 0.0, "height": 4.1 }, "geometry": { "type": "MultiPolygon", "coordinates": [ [ [ [ -2.208934, 53.480544 ], [ -2.208852, 53.480709 ], [ -2.208706, 53.480683 ], [ -2.208732, 53.480631 ], [ -2.208777, 53.480639 ], [ -2.208817, 53.48056 ], [ -2.208772, 53.480552 ], [ -2.208793, 53.48051 ], [ -2.208934, 53.480532 ], [ -2.208934, 53.480544 ] ] ] ] } },
{ "type": "Feature", "properties": { "use": "Low Density Housing", "base": 0.0, "height": 4.1 }, "geometry": { "type": "MultiPolygon", "coordinates": [ [ [ [ -2.208683, 53.480336 ], [ -2.20866, 53.480378 ], [ -2.20852, 53.480354 ], [ -2.20852, 53.480342 ], [ -2.208607, 53.480178 ], [ -2.208752, 53.480206 ], [ -2.208724, 53.480257 ], [ -2.208679, 53.480249 ], [ -2.208638, 53.480327 ], [ -2.208683, 53.480336 ] ] ] ] } },
{ "type": "Feature", "properties": { "use": "Low Density Housing", "base": 0.0, "height": 4.1 }, "geometry": { "type": "MultiPolygon", "coordinates": [ [ [ [ -2.208528, 53.48061 ], [ -2.208506, 53.480653 ], [ -2.208366, 53.480629 ], [ -2.208366, 53.480617 ], [ -2.208453, 53.480453 ], [ -2.208598, 53.48048 ], [ -2.20857, 53.480532 ], [ -2.208525, 53.480524 ], [ -2.208484, 53.480602 ], [ -2.208528, 53.48061 ] ] ] ] } },
{ "type": "Feature", "properties": { "use": "Low Density Housing", "base": 0.0, "height": 4.1 }, "geometry": { "type": "MultiPolygon", "coordinates": [ [ [ [ -2.209067, 53.48028 ], [ -2.208984, 53.480444 ], [ -2.208838, 53.480419 ], [ -2.208865, 53.480366 ], [ -2.20891, 53.480374 ], [ -2.208949, 53.480296 ], [ -2.208904, 53.480288 ], [ -2.208926, 53.480245 ], [ -2.209066, 53.480268 ], [ -2.209067, 53.48028 ] ] ] ] } },
{ "type": "Feature", "properties": { "use": "Low Density Housing", "base": 0.0, "height": 4.1 }, "geometry": { "type": "MultiPolygon", "coordinates": [ [ [ [ -2.208341, 53.480305 ], [ -2.208255, 53.480288 ], [ -2.20827, 53.480261 ], [ -2.208139, 53.480235 ], [ -2.208124, 53.480262 ], [ -2.208053, 53.480248 ], [ -2.208095, 53.480165 ], [ -2.208115, 53.480165 ], [ -2.208389, 53.480219 ], [ -2.208341, 53.480305 ] ] ] ] } },
{ "type": "Feature", "properties": { "use": "Low Density Housing", "base": 0.0, "height": 4.1 }, "geometry": { "type": "MultiPolygon", "coordinates": [ [ [ [ -2.208528, 53.480054 ], [ -2.208252, 53.480002 ], [ -2.208298, 53.479916 ], [ -2.208385, 53.479932 ], [ -2.208371, 53.479959 ], [ -2.208503, 53.479983 ], [ -2.208517, 53.479957 ], [ -2.208588, 53.47997 ], [ -2.208548, 53.480053 ], [ -2.208528, 53.480054 ] ] ] ] } },
{ "type": "Feature", "properties": { "use": "Low Density Housing", "base": 0.0, "height": 4.1 }, "geometry": { "type": "MultiPolygon", "coordinates": [ [ [ [ -2.209178, 53.480978 ], [ -2.209092, 53.480959 ], [ -2.209109, 53.480933 ], [ -2.20898, 53.480904 ], [ -2.208963, 53.48093 ], [ -2.208893, 53.480914 ], [ -2.20894, 53.480833 ], [ -2.20896, 53.480833 ], [ -2.209231, 53.480894 ], [ -2.209178, 53.480978 ] ] ] ] } },
{ "type": "Feature", "properties": { "use": "Low Density Housing", "base": 0.0, "height": 4.1 }, "geometry": { "type": "MultiPolygon", "coordinates": [ [ [ [ -2.20887, 53.480913 ], [ -2.208784, 53.480893 ], [ -2.208801, 53.480867 ], [ -2.208672, 53.480838 ], [ -2.208655, 53.480865 ], [ -2.208585, 53.480849 ], [ -2.208632, 53.480767 ], [ -2.208652, 53.480767 ], [ -2.208923, 53.480828 ], [ -2.20887, 53.480913 ] ] ] ] } },
{ "type": "Feature", "properties": { "use": "Low Density Housing", "base": 0.0, "height": 4.1 }, "geometry": { "type": "MultiPolygon", "coordinates": [ [ [ [ -2.208276, 53.480795 ], [ -2.208191, 53.480776 ], [ -2.208207, 53.48075 ], [ -2.208078, 53.480721 ], [ -2.208062, 53.480747 ], [ -2.207992, 53.480731 ], [ -2.208039, 53.48065 ], [ -2.208059, 53.48065 ], [ -2.20833, 53.480711 ], [ -2.208276, 53.480795 ] ] ] ] } },
{ "type": "Feature", "properties": { "use": "Low Density Housing", "base": 0.0, "height": 4.1 }, "geometry": { "type": "MultiPolygon", "coordinates": [ [ [ [ -2.207975, 53.480732 ], [ -2.20789, 53.480712 ], [ -2.207906, 53.480686 ], [ -2.207777, 53.480657 ], [ -2.207761, 53.480683 ], [ -2.20769, 53.480668 ], [ -2.207738, 53.480586 ], [ -2.207758, 53.480586 ], [ -2.208029, 53.480647 ], [ -2.207975, 53.480732 ] ] ] ] } },
{ "type": "Feature", "properties": { "use": "Low Density Housing", "base": 0.0, "height": 3.6 }, "geometry": { "type": "MultiPolygon", "coordinates": [ [ [ [ -2.209326, 53.479892 ], [ -2.209272, 53.479991 ], [ -2.209105, 53.479959 ], [ -2.20916, 53.479859 ], [ -2.209326, 53.479892 ] ] ] ] } },
{ "type": "Feature", "properties": { "use": "Low Density Housing", "base": 0.0, "height": 3.5 }, "geometry": { "type": "MultiPolygon", "coordinates": [ [ [ [ -2.208633, 53.480132 ], [ -2.208664, 53.480077 ], [ -2.208717, 53.480088 ], [ -2.208735, 53.480055 ], [ -2.208762, 53.480008 ], [ -2.208861, 53.480024 ], [ -2.208783, 53.480162 ], [ -2.208633, 53.480132 ] ] ] ] } },
{ "type": "Feature", "properties": { "use": "Low Density Housing", "base": 0.0, "height": 3.6 }, "geometry": { "type": "MultiPolygon", "coordinates": [ [ [ [ -2.209333, 53.480404 ], [ -2.209278, 53.480503 ], [ -2.209112, 53.480471 ], [ -2.209166, 53.480371 ], [ -2.209333, 53.480404 ] ] ] ] } },
{ "type": "Feature", "properties": { "use": "Low Density Housing", "base": 0.0, "height": 3.6 }, "geometry": { "type": "MultiPolygon", "coordinates": [ [ [ [ -2.209241, 53.48058 ], [ -2.209187, 53.480679 ], [ -2.20902, 53.480647 ], [ -2.209075, 53.480548 ], [ -2.209241, 53.48058 ] ] ] ] } },
{ "type": "Feature", "properties": { "use": "Low Density Housing", "base": 0.0, "height": 3.6 }, "geometry": { "type": "MultiPolygon", "coordinates": [ [ [ [ -2.20831, 53.480416 ], [ -2.208255, 53.480515 ], [ -2.208089, 53.480483 ], [ -2.208143, 53.480383 ], [ -2.20831, 53.480416 ] ] ] ] } },
{ "type": "Feature", "properties": { "use": "Low Density Housing", "base": 0.0, "height": 4.9 }, "geometry": { "type": "MultiPolygon", "coordinates": [ [ [ [ -2.209434, 53.481263 ], [ -2.209387, 53.48136 ], [ -2.208718, 53.481245 ], [ -2.208765, 53.481149 ], [ -2.209434, 53.481263 ] ] ] ] } },
{ "type": "Feature", "properties": { "use": "Low Density Housing", "base": 0.0, "height": 7.8 }, "geometry": { "type": "MultiPolygon", "coordinates": [ [ [ [ -2.207452, 53.480972 ], [ -2.20749, 53.480898 ], [ -2.208109, 53.481011 ], [ -2.208071, 53.481085 ], [ -2.207452, 53.480972 ] ] ] ] } },
{ "type": "Feature", "properties": { "use": "Low Density Housing", "base": 0.0, "height": 7.8 }, "geometry": { "type": "MultiPolygon", "coordinates": [ [ [ [ -2.208088, 53.481099 ], [ -2.208126, 53.481025 ], [ -2.208745, 53.481138 ], [ -2.208707, 53.481212 ], [ -2.208088, 53.481099 ] ] ] ] } },
{ "type": "Feature", "properties": { "use": "Low Density Housing", "base": 0.0, "height": 3.7 }, "geometry": { "type": "MultiPolygon", "coordinates": [ [ [ [ -2.207234, 53.481204 ], [ -2.207278, 53.481126 ], [ -2.207946, 53.481262 ], [ -2.207902, 53.48134 ], [ -2.207234, 53.481204 ] ] ] ] } },
{ "type": "Feature", "properties": { "use": "Low Density Housing", "base": 0.0, "height": 3.0 }, "geometry": { "type": "MultiPolygon", "coordinates": [ [ [ [ -2.208407, 53.481348 ], [ -2.208362, 53.481429 ], [ -2.207922, 53.481342 ], [ -2.207967, 53.481261 ], [ -2.208407, 53.481348 ] ] ] ] } },
{ "type": "Feature", "properties": { "use": "Low Density Housing", "base": 0.0, "height": 3.0 }, "geometry": { "type": "MultiPolygon", "coordinates": [ [ [ [ -2.208266, 53.481599 ], [ -2.208221, 53.48168 ], [ -2.20778, 53.481593 ], [ -2.207825, 53.481512 ], [ -2.208266, 53.481599 ] ] ] ] } },
{ "type": "Feature", "properties": { "use": "Low Density Housing", "base": 0.0, "height": 3.0 }, "geometry": { "type": "MultiPolygon", "coordinates": [ [ [ [ -2.208862, 53.48144 ], [ -2.208817, 53.481521 ], [ -2.208377, 53.481434 ], [ -2.208422, 53.481353 ], [ -2.208862, 53.48144 ] ] ] ] } },
{ "type": "Feature", "properties": { "use": "Low Density Housing", "base": 0.0, "height": 3.0 }, "geometry": { "type": "MultiPolygon", "coordinates": [ [ [ [ -2.20931, 53.481536 ], [ -2.209265, 53.481617 ], [ -2.208824, 53.48153 ], [ -2.208869, 53.48145 ], [ -2.20931, 53.481536 ] ] ] ] } },
{ "type": "Feature", "properties": { "use": "Low Density Housing", "base": 0.0, "height": 3.0 }, "geometry": { "type": "MultiPolygon", "coordinates": [ [ [ [ -2.208715, 53.48169 ], [ -2.20867, 53.481771 ], [ -2.208229, 53.481684 ], [ -2.208275, 53.481603 ], [ -2.208715, 53.48169 ] ] ] ] } },
{ "type": "Feature", "properties": { "use": "Low Density Housing", "base": 0.0, "height": 3.2 }, "geometry": { "type": "MultiPolygon", "coordinates": [ [ [ [ -2.20679, 53.481678 ], [ -2.206832, 53.481596 ], [ -2.207345, 53.481689 ], [ -2.207303, 53.481771 ], [ -2.20679, 53.481678 ] ] ] ] } },
{ "type": "Feature", "properties": { "use": "Low Density Housing", "base": 0.0, "height": 3.2 }, "geometry": { "type": "MultiPolygon", "coordinates": [ [ [ [ -2.207927, 53.481895 ], [ -2.207341, 53.481789 ], [ -2.207383, 53.481707 ], [ -2.207969, 53.481813 ], [ -2.207927, 53.481895 ] ] ] ] } },
{ "type": "Feature", "properties": { "use": "Low Density Housing", "base": 0.0, "height": 3.2 }, "geometry": { "type": "MultiPolygon", "coordinates": [ [ [ [ -2.207956, 53.481913 ], [ -2.207998, 53.481831 ], [ -2.208512, 53.481924 ], [ -2.20847, 53.482006 ], [ -2.207956, 53.481913 ] ] ] ] } },
{ "type": "Feature", "properties": { "use": "Low Density Housing", "base": 0.0, "height": 3.2 }, "geometry": { "type": "MultiPolygon", "coordinates": [ [ [ [ -2.20902, 53.482111 ], [ -2.208506, 53.482018 ], [ -2.208548, 53.481936 ], [ -2.209062, 53.482029 ], [ -2.20902, 53.482111 ] ] ] ] } },
{ "type": "Feature", "properties": { "use": "Low Density Housing", "base": 0.0, "height": 3.2 }, "geometry": { "type": "MultiPolygon", "coordinates": [ [ [ [ -2.209146, 53.480083 ], [ -2.209104, 53.480166 ], [ -2.20915, 53.480174 ], [ -2.209123, 53.480228 ], [ -2.208975, 53.480202 ], [ -2.209044, 53.480065 ], [ -2.209146, 53.480083 ] ] ] ] } },
{ "type": "Feature", "properties": { "use": "Low Density Housing", "base": 0.0, "height": 5.3 }, "geometry": { "type": "MultiPolygon", "coordinates": [ [ [ [ -2.208014, 53.480364 ], [ -2.207994, 53.480405 ], [ -2.208065, 53.480418 ], [ -2.208042, 53.480465 ], [ -2.207897, 53.480439 ], [ -2.20794, 53.480352 ], [ -2.208014, 53.480364 ] ] ] ] } },
{ "type": "Feature", "properties": { "use": "Low Density Housing", "base": 0.0, "height": 3.5 }, "geometry": { "type": "MultiPolygon", "coordinates": [ [ [ [ -2.208483, 53.480751 ], [ -2.208442, 53.480824 ], [ -2.20829, 53.480794 ], [ -2.208327, 53.48072 ], [ -2.208483, 53.480751 ] ] ] ] } },
{ "type": "Feature", "properties": { "use": "Low Density Housing", "base": 0.0, "height": 4.2 }, "geometry": { "type": "MultiPolygon", "coordinates": [ [ [ [ -2.209387, 53.480969 ], [ -2.20927, 53.480969 ], [ -2.20927, 53.480868 ], [ -2.209387, 53.480864 ], [ -2.209387, 53.480969 ] ] ] ] } },
{ "type": "Feature", "properties": { "use": "Church", "base": 0.0, "height": 4.1 }, "geometry": { "type": "MultiPolygon", "coordinates": [ [ [ [ -2.209338, 53.482052 ], [ -2.209271, 53.4822 ], [ -2.209173, 53.482185 ], [ -2.20924, 53.482036 ], [ -2.209338, 53.482052 ] ] ] ] } },
{ "type": "Feature", "properties": { "use": "Low Density Housing", "base": 0.0, "height": 3.3 }, "geometry": { "type": "MultiPolygon", "coordinates": [ [ [ [ -2.209418, 53.482189 ], [ -2.20946, 53.482117 ], [ -2.209811, 53.482188 ], [ -2.209768, 53.482261 ], [ -2.209418, 53.482189 ] ] ] ] } },
{ "type": "Feature", "properties": { "use": "Low Density Housing", "base": 0.0, "height": 4.3 }, "geometry": { "type": "MultiPolygon", "coordinates": [ [ [ [ -2.210346, 53.482293 ], [ -2.210312, 53.482364 ], [ -2.209795, 53.482276 ], [ -2.209829, 53.482205 ], [ -2.210346, 53.482293 ] ] ] ] } },
{ "type": "Feature", "properties": { "use": "Low Density Housing", "base": 0.0, "height": 3.6 }, "geometry": { "type": "MultiPolygon", "coordinates": [ [ [ [ -2.211004, 53.482373 ], [ -2.210964, 53.48245 ], [ -2.210354, 53.482338 ], [ -2.210394, 53.48226 ], [ -2.211004, 53.482373 ] ] ] ] } },
{ "type": "Feature", "properties": { "use": "Low Density Housing", "base": 0.0, "height": 3.8 }, "geometry": { "type": "MultiPolygon", "coordinates": [ [ [ [ -2.211279, 53.482482 ], [ -2.211137, 53.482453 ], [ -2.211282, 53.482195 ], [ -2.211424, 53.482223 ], [ -2.211279, 53.482482 ] ] ] ] } },
{ "type": "Feature", "properties": { "use": "Low Density Housing", "base": 0.0, "height": 4.9 }, "geometry": { "type": "MultiPolygon", "coordinates": [ [ [ [ -2.210211, 53.481915 ], [ -2.209999, 53.481881 ], [ -2.210043, 53.481782 ], [ -2.210044, 53.481782 ], [ -2.210256, 53.481816 ], [ -2.210212, 53.481915 ], [ -2.210211, 53.481915 ] ] ] ] } },
{ "type": "Feature", "properties": { "use": "Low Density Housing", "base": 0.0, "height": 5.1 }, "geometry": { "type": "MultiPolygon", "coordinates": [ [ [ [ -2.210383, 53.481044 ], [ -2.210285, 53.481229 ], [ -2.210104, 53.481195 ], [ -2.210203, 53.48101 ], [ -2.210383, 53.481044 ] ] ] ] } },
{ "type": "Feature", "properties": { "use": "Low Density Housing", "base": 0.0, "height": 8.3 }, "geometry": { "type": "MultiPolygon", "coordinates": [ [ [ [ -2.209911, 53.48144 ], [ -2.210131, 53.481473 ], [ -2.210266, 53.481259 ], [ -2.210444, 53.481294 ], [ -2.210189, 53.481764 ], [ -2.209936, 53.481705 ], [ -2.210008, 53.481572 ], [ -2.209882, 53.481548 ], [ -2.209836, 53.481633 ], [ -2.209607, 53.481589 ], [ -2.209819, 53.481196 ], [ -2.209997, 53.481221 ], [ -2.209911, 53.48144 ] ] ] ] } },
{ "type": "Feature", "properties": { "use": "Low Density Housing", "base": 0.0, "height": 4.1 }, "geometry": { "type": "MultiPolygon", "coordinates": [ [ [ [ -2.210697, 53.478954 ], [ -2.210811, 53.47891 ], [ -2.211051, 53.47913 ], [ -2.210945, 53.479171 ], [ -2.210697, 53.478954 ] ] ] ] } },
{ "type": "Feature", "properties": { "use": "Low Density Housing", "base": 0.0, "height": 3.2 }, "geometry": { "type": "MultiPolygon", "coordinates": [ [ [ [ -2.211494, 53.478964 ], [ -2.211154, 53.479097 ], [ -2.211088, 53.479018 ], [ -2.211423, 53.4789 ], [ -2.211494, 53.478964 ] ] ] ] } },
{ "type": "Feature", "properties": { "use": "Low Density Housing", "base": 0.0, "height": 4.8 }, "geometry": { "type": "MultiPolygon", "coordinates": [ [ [ [ -2.21091, 53.478795 ], [ -2.211017, 53.478753 ], [ -2.211232, 53.478889 ], [ -2.21112, 53.478933 ], [ -2.21091, 53.478795 ] ] ] ] } },
{ "type": "Feature", "properties": { "use": "Low Density Housing", "base": 0.0, "height": 9.4 }, "geometry": { "type": "MultiPolygon", "coordinates": [ [ [ [ -2.210628, 53.478535 ], [ -2.210713, 53.478444 ], [ -2.210885, 53.478501 ], [ -2.210816, 53.478584 ], [ -2.210628, 53.478535 ] ] ] ] } },
{ "type": "Feature", "properties": { "use": "Low Density Housing", "base": 0.0, "height": 9.4 }, "geometry": { "type": "MultiPolygon", "coordinates": [ [ [ [ -2.210498, 53.478428 ], [ -2.210583, 53.478337 ], [ -2.210755, 53.478394 ], [ -2.210686, 53.478477 ], [ -2.210498, 53.478428 ] ] ] ] } },
{ "type": "Feature", "properties": { "use": "Low Density Housing", "base": 0.0, "height": 9.4 }, "geometry": { "type": "MultiPolygon", "coordinates": [ [ [ [ -2.210348, 53.478344 ], [ -2.210433, 53.478253 ], [ -2.210605, 53.47831 ], [ -2.210536, 53.478394 ], [ -2.210348, 53.478344 ] ] ] ] } },
{ "type": "Feature", "properties": { "use": "Low Density Housing", "base": 0.0, "height": 3.0 }, "geometry": { "type": "MultiPolygon", "coordinates": [ [ [ [ -2.210851, 53.4787 ], [ -2.21067, 53.478929 ], [ -2.210546, 53.478895 ], [ -2.210727, 53.478666 ], [ -2.210851, 53.4787 ] ] ] ] } },
{ "type": "Feature", "properties": { "use": "Low Density Housing", "base": 0.0, "height": 3.0 }, "geometry": { "type": "MultiPolygon", "coordinates": [ [ [ [ -2.210424, 53.478574 ], [ -2.210243, 53.478804 ], [ -2.21012, 53.478769 ], [ -2.2103, 53.47854 ], [ -2.210424, 53.478574 ] ] ] ] } },
{ "type": "Feature", "properties": { "use": "Low Density Housing", "base": 0.0, "height": 6.2 }, "geometry": { "type": "MultiPolygon", "coordinates": [ [ [ [ -2.210555, 53.478816 ], [ -2.210503, 53.478881 ], [ -2.210336, 53.478834 ], [ -2.210388, 53.478769 ], [ -2.210555, 53.478816 ] ] ] ] } },
{ "type": "Feature", "properties": { "use": "Low Density Housing", "base": 0.0, "height": 4.7 }, "geometry": { "type": "MultiPolygon", "coordinates": [ [ [ [ -2.209925, 53.478244 ], [ -2.210054, 53.478279 ], [ -2.209965, 53.478449 ], [ -2.209882, 53.478556 ], [ -2.209735, 53.478689 ], [ -2.209611, 53.478647 ], [ -2.209737, 53.478514 ], [ -2.209812, 53.478418 ], [ -2.209841, 53.478352 ], [ -2.209925, 53.478244 ] ] ] ] } },
{ "type": "Feature", "properties": { "use": "Low Density Housing", "base": 0.0, "height": 6.8 }, "geometry": { "type": "MultiPolygon", "coordinates": [ [ [ [ -2.210142, 53.478727 ], [ -2.210106, 53.478769 ], [ -2.209964, 53.478727 ], [ -2.20996, 53.478725 ], [ -2.210012, 53.478663 ], [ -2.210117, 53.478692 ], [ -2.210099, 53.478714 ], [ -2.210142, 53.478727 ] ] ] ] } },
{ "type": "Feature", "properties": { "use": "Low Density Housing", "base": 0.0, "height": 3.7 }, "geometry": { "type": "MultiPolygon", "coordinates": [ [ [ [ -2.21062, 53.47773 ], [ -2.210714, 53.47769 ], [ -2.211134, 53.478041 ], [ -2.211041, 53.47808 ], [ -2.21062, 53.47773 ] ] ] ] } },
{ "type": "Feature", "properties": { "use": "Low Density Housing", "base": 0.0, "height": 3.1 }, "geometry": { "type": "MultiPolygon", "coordinates": [ [ [ [ -2.211498, 53.477501 ], [ -2.211601, 53.477461 ], [ -2.211717, 53.477564 ], [ -2.211618, 53.477608 ], [ -2.211498, 53.477501 ] ] ] ] } },
{ "type": "Feature", "properties": { "use": "Low Density Housing", "base": 0.0, "height": 3.5 }, "geometry": { "type": "MultiPolygon", "coordinates": [ [ [ [ -2.211533, 53.47766 ], [ -2.211641, 53.477617 ], [ -2.211916, 53.477857 ], [ -2.211814, 53.477898 ], [ -2.21181, 53.4779 ], [ -2.211533, 53.47766 ] ] ] ] } },
{ "type": "Feature", "properties": { "use": "Low Density Housing", "base": 0.0, "height": 4.1 }, "geometry": { "type": "MultiPolygon", "coordinates": [ [ [ [ -2.21147, 53.47792 ], [ -2.211203, 53.478025 ], [ -2.21115, 53.477977 ], [ -2.211416, 53.477872 ], [ -2.21147, 53.47792 ] ] ] ] } },
{ "type": "Feature", "properties": { "use": "Low Density Housing", "base": 0.0, "height": 3.1 }, "geometry": { "type": "MultiPolygon", "coordinates": [ [ [ [ -2.212178, 53.477602 ], [ -2.211907, 53.477709 ], [ -2.211835, 53.477645 ], [ -2.212105, 53.477537 ], [ -2.212178, 53.477602 ] ] ] ] } },
{ "type": "Feature", "properties": { "use": "Low Density Housing", "base": 0.0, "height": 3.2 }, "geometry": { "type": "MultiPolygon", "coordinates": [ [ [ [ -2.212829, 53.477624 ], [ -2.21257, 53.477502 ], [ -2.212649, 53.477443 ], [ -2.212908, 53.477565 ], [ -2.212829, 53.477624 ] ] ] ] } },
{ "type": "Feature", "properties": { "use": "Low Density Housing", "base": 0.0, "height": 3.6 }, "geometry": { "type": "MultiPolygon", "coordinates": [ [ [ [ -2.211713, 53.477037 ], [ -2.211547, 53.477347 ], [ -2.211423, 53.477326 ], [ -2.21159, 53.477013 ], [ -2.211713, 53.477037 ] ] ] ] } },
{ "type": "Feature", "properties": { "use": "Low Density Housing", "base": 0.0, "height": 3.4 }, "geometry": { "type": "MultiPolygon", "coordinates": [ [ [ [ -2.211312, 53.476859 ], [ -2.211356, 53.476779 ], [ -2.211785, 53.476862 ], [ -2.211748, 53.476936 ], [ -2.211312, 53.476859 ] ] ] ] } },
{ "type": "Feature", "properties": { "use": "Low Density Housing", "base": 0.0, "height": 2.8 }, "geometry": { "type": "MultiPolygon", "coordinates": [ [ [ [ -2.21134, 53.478511 ], [ -2.211876, 53.478293 ], [ -2.21195, 53.478358 ], [ -2.211419, 53.478579 ], [ -2.21134, 53.478511 ] ] ] ] } },
{ "type": "Feature", "properties": { "use": "Low Density Housing", "base": 0.0, "height": 4.0 }, "geometry": { "type": "MultiPolygon", "coordinates": [ [ [ [ -2.211134, 53.478187 ], [ -2.211248, 53.478138 ], [ -2.211498, 53.478342 ], [ -2.211384, 53.478392 ], [ -2.211134, 53.478187 ] ] ] ] } },
{ "type": "Feature", "properties": { "use": "Low Density Housing", "base": 0.0, "height": 6.2 }, "geometry": { "type": "MultiPolygon", "coordinates": [ [ [ [ -2.211482, 53.478213 ], [ -2.211398, 53.478144 ], [ -2.211734, 53.478 ], [ -2.211819, 53.478069 ], [ -2.211482, 53.478213 ] ] ] ] } },
{ "type": "Feature", "properties": { "use": "Low Density Housing", "base": 0.0, "height": 6.4 }, "geometry": { "type": "MultiPolygon", "coordinates": [ [ [ [ -2.212164, 53.478352 ], [ -2.212048, 53.4784 ], [ -2.211807, 53.478195 ], [ -2.211815, 53.478192 ], [ -2.211755, 53.47814 ], [ -2.211862, 53.478095 ], [ -2.211923, 53.478147 ], [ -2.212164, 53.478352 ] ] ] ] } },
{ "type": "Feature", "properties": { "use": "Low Density Housing", "base": 0.0, "height": 3.4 }, "geometry": { "type": "MultiPolygon", "coordinates": [ [ [ [ -2.212625, 53.478086 ], [ -2.212206, 53.478256 ], [ -2.212125, 53.478185 ], [ -2.212543, 53.478015 ], [ -2.212625, 53.478086 ] ] ] ] } },
{ "type": "Feature", "properties": { "use": "Low Density Housing", "base": 0.0, "height": 4.9 }, "geometry": { "type": "MultiPolygon", "coordinates": [ [ [ [ -2.212777, 53.478038 ], [ -2.212675, 53.47808 ], [ -2.212211, 53.477685 ], [ -2.212313, 53.477643 ], [ -2.212777, 53.478038 ] ] ] ] } },
{ "type": "Feature", "properties": { "use": "Low Density Housing", "base": 0.0, "height": 6.4 }, "geometry": { "type": "MultiPolygon", "coordinates": [ [ [ [ -2.21187, 53.477957 ], [ -2.21228, 53.47779 ], [ -2.212367, 53.477865 ], [ -2.211957, 53.478033 ], [ -2.21187, 53.477957 ] ] ] ] } },
{ "type": "Feature", "properties": { "use": "Low Density Housing", "base": 0.0, "height": 3.3 }, "geometry": { "type": "MultiPolygon", "coordinates": [ [ [ [ -2.213303, 53.477071 ], [ -2.212929, 53.477358 ], [ -2.21282, 53.477308 ], [ -2.213194, 53.47702 ], [ -2.213303, 53.477071 ] ] ] ] } },
{ "type": "Feature", "properties": { "use": "Low Density Housing", "base": 0.0, "height": 4.5 }, "geometry": { "type": "MultiPolygon", "coordinates": [ [ [ [ -2.213605, 53.477458 ], [ -2.213524, 53.477522 ], [ -2.213032, 53.477304 ], [ -2.213113, 53.477239 ], [ -2.213605, 53.477458 ] ] ] ] } },
{ "type": "Feature", "properties": { "use": "Low Density Housing", "base": 0.0, "height": 7.6 }, "geometry": { "type": "MultiPolygon", "coordinates": [ [ [ [ -2.212968, 53.477817 ], [ -2.21287, 53.477772 ], [ -2.213254, 53.477479 ], [ -2.213352, 53.477524 ], [ -2.212968, 53.477817 ] ] ] ] } },
{ "type": "Feature", "properties": { "use": "Low Density Housing", "base": 0.0, "height": 8.1 }, "geometry": { "type": "MultiPolygon", "coordinates": [ [ [ [ -2.210582, 53.477318 ], [ -2.210755, 53.476981 ], [ -2.210909, 53.477009 ], [ -2.210736, 53.477346 ], [ -2.210582, 53.477318 ] ] ] ] } },
{ "type": "Feature", "properties": { "use": "Low Density Housing", "base": 0.0, "height": 3.6 }, "geometry": { "type": "MultiPolygon", "coordinates": [ [ [ [ -2.211148, 53.476701 ], [ -2.210988, 53.477001 ], [ -2.210848, 53.476975 ], [ -2.211007, 53.476674 ], [ -2.211148, 53.476701 ] ] ] ] } },
{ "type": "Feature", "properties": { "use": "Low Density Housing", "base": 0.0, "height": 3.3 }, "geometry": { "type": "MultiPolygon", "coordinates": [ [ [ [ -2.211094, 53.476558 ], [ -2.211138, 53.476342 ], [ -2.211213, 53.476349 ], [ -2.211284, 53.476355 ], [ -2.211232, 53.476568 ], [ -2.211094, 53.476558 ] ] ] ] } },
{ "type": "Feature", "properties": { "use": "Low Density Housing", "base": 0.0, "height": 3.3 }, "geometry": { "type": "MultiPolygon", "coordinates": [ [ [ [ -2.211344, 53.476094 ], [ -2.211292, 53.476308 ], [ -2.211154, 53.476298 ], [ -2.211198, 53.476081 ], [ -2.211273, 53.476088 ], [ -2.211344, 53.476094 ] ] ] ] } },
{ "type": "Feature", "properties": { "use": "Low Density Housing", "base": 0.0, "height": 3.3 }, "geometry": { "type": "MultiPolygon", "coordinates": [ [ [ [ -2.211242, 53.476002 ], [ -2.211286, 53.475786 ], [ -2.211361, 53.475792 ], [ -2.211432, 53.475799 ], [ -2.21138, 53.476012 ], [ -2.211242, 53.476002 ] ] ] ] } },
{ "type": "Feature", "properties": { "use": "Medium Density Housing", "base": 0.0, "height": 16.0 }, "geometry": { "type": "MultiPolygon", "coordinates": [ [ [ [ -2.209414, 53.478666 ], [ -2.210521, 53.478972 ], [ -2.210519, 53.478973 ], [ -2.209857, 53.479289 ], [ -2.208977, 53.479045 ], [ -2.20924, 53.478709 ], [ -2.209414, 53.478666 ] ] ] ] } },
{ "type": "Feature", "properties": { "use": "Medium Density Housing", "base": 0.0, "height": 17.6 }, "geometry": { "type": "MultiPolygon", "coordinates": [ [ [ [ -2.208896, 53.479883 ], [ -2.208331, 53.479775 ], [ -2.208493, 53.479547 ], [ -2.208855, 53.479113 ], [ -2.209677, 53.479357 ], [ -2.208983, 53.479885 ], [ -2.208896, 53.479883 ] ] ] ] } },
{ "type": "Feature", "properties": { "use": "Medium Density Housing", "base": 0.0, "height": 21.6 }, "geometry": { "type": "MultiPolygon", "coordinates": [ [ [ [ -2.209252, 53.47979 ], [ -2.209762, 53.479431 ], [ -2.210199, 53.479651 ], [ -2.209735, 53.479878 ], [ -2.209252, 53.47979 ] ] ] ] } },
{ "type": "Feature", "properties": { "use": "Medium Density Housing", "base": 16.0, "height": 25.1 }, "geometry": { "type": "MultiPolygon", "coordinates": [ [ [ [ -2.209304, 53.479038 ], [ -2.20945, 53.478813 ], [ -2.210015, 53.478979 ], [ -2.209763, 53.479151 ], [ -2.209304, 53.479038 ] ] ] ] } },
{ "type": "Feature", "properties": { "use": "Medium Density Housing", "base": 0.0, "height": 13.6 }, "geometry": { "type": "MultiPolygon", "coordinates": [ [ [ [ -2.210232, 53.479687 ], [ -2.210576, 53.479885 ], [ -2.209732, 53.480455 ], [ -2.209541, 53.480322 ], [ -2.209751, 53.479919 ], [ -2.210232, 53.479687 ] ] ] ] } },
{ "type": "Feature", "properties": { "use": "Medium Density Housing", "base": 0.0, "height": 17.2 }, "geometry": { "type": "MultiPolygon", "coordinates": [ [ [ [ -2.211555, 53.479725 ], [ -2.211113, 53.47934 ], [ -2.21169, 53.479105 ], [ -2.212132, 53.479491 ], [ -2.211555, 53.479725 ] ] ] ] } },
{ "type": "Feature", "properties": { "use": "Medium Density Housing", "base": 0.0, "height": 25.1 }, "geometry": { "type": "MultiPolygon", "coordinates": [ [ [ [ -2.211457, 53.479759 ], [ -2.211466, 53.47977 ], [ -2.210904, 53.479947 ], [ -2.210833, 53.479901 ], [ -2.210824, 53.479891 ], [ -2.2104, 53.479616 ], [ -2.21104, 53.479372 ], [ -2.211457, 53.479759 ] ] ] ] } },
{ "type": "Feature", "properties": { "use": "Medium Density Housing", "base": 0.0, "height": 17.7 }, "geometry": { "type": "MultiPolygon", "coordinates": [ [ [ [ -2.210921, 53.480042 ], [ -2.211542, 53.479851 ], [ -2.211552, 53.479848 ], [ -2.212233, 53.479597 ], [ -2.212224, 53.479589 ], [ -2.212536, 53.479813 ], [ -2.211321, 53.480319 ], [ -2.210921, 53.480042 ] ] ] ] } },
{ "type": "Feature", "properties": { "use": "Medium Density Housing", "base": 0.0, "height": 24.5 }, "geometry": { "type": "MultiPolygon", "coordinates": [ [ [ [ -2.210666, 53.480597 ], [ -2.210324, 53.480339 ], [ -2.21095, 53.480029 ], [ -2.211436, 53.48026 ], [ -2.210666, 53.480597 ] ] ] ] } },
{ "type": "Feature", "properties": { "use": "Medium Density Housing", "base": 0.0, "height": 17.0 }, "geometry": { "type": "MultiPolygon", "coordinates": [ [ [ [ -2.209796, 53.480917 ], [ -2.20967, 53.480941 ], [ -2.20944, 53.480952 ], [ -2.209781, 53.480477 ], [ -2.210272, 53.480383 ], [ -2.210592, 53.480612 ], [ -2.209923, 53.480893 ], [ -2.209796, 53.480917 ] ] ] ] } },
{ "type": "Feature", "properties": { "use": "Third Spaces (Dining)", "base": 0.0, "height": 15.3 }, "geometry": { "type": "MultiPolygon", "coordinates": [ [ [ [ -2.210626, 53.479961 ], [ -2.210742, 53.48002 ], [ -2.210249, 53.480312 ], [ -2.210135, 53.480254 ], [ -2.210626, 53.479961 ] ] ] ] } },
{ "type": "Feature", "properties": { "use": "Medium Density Housing", "base": 0.0, "height": 17.5 }, "geometry": { "type": "MultiPolygon", "coordinates": [ [ [ [ -2.209815, 53.474992 ], [ -2.211223, 53.47508 ], [ -2.210879, 53.476158 ], [ -2.210456, 53.476131 ], [ -2.210453, 53.475887 ], [ -2.210341, 53.47559 ], [ -2.210144, 53.475273 ], [ -2.209815, 53.474992 ] ] ] ] } },
{ "type": "Feature", "properties": { "use": "Medium Density Housing", "base": 0.0, "height": 16.5 }, "geometry": { "type": "MultiPolygon", "coordinates": [ [ [ [ -2.210412, 53.476605 ], [ -2.210443, 53.476495 ], [ -2.210469, 53.476192 ], [ -2.210869, 53.476204 ], [ -2.210779, 53.47643 ], [ -2.210655, 53.476653 ], [ -2.210412, 53.476605 ] ] ] ] } },
{ "type": "Feature", "properties": { "use": "Medium Density Housing", "base": 0.0, "height": 31.5 }, "geometry": { "type": "MultiPolygon", "coordinates": [ [ [ [ -2.210324, 53.477496 ], [ -2.209929, 53.478186 ], [ -2.20965, 53.478111 ], [ -2.210004, 53.477646 ], [ -2.210289, 53.477026 ], [ -2.21046, 53.477053 ], [ -2.21034, 53.477316 ], [ -2.210324, 53.477496 ] ] ] ] } },
{ "type": "Feature", "properties": { "use": "Low Density Housing", "base": 0.0, "height": 9.4 }, "geometry": { "type": "MultiPolygon", "coordinates": [ [ [ [ -2.210147, 53.47826 ], [ -2.210232, 53.478169 ], [ -2.210404, 53.478226 ], [ -2.210336, 53.478309 ], [ -2.210147, 53.47826 ] ] ] ] } },
{ "type": "Feature", "properties": { "use": "Low Density Housing", "base": 0.0, "height": 9.4 }, "geometry": { "type": "MultiPolygon", "coordinates": [ [ [ [ -2.210151, 53.47815 ], [ -2.210236, 53.478059 ], [ -2.210408, 53.478116 ], [ -2.21034, 53.478199 ], [ -2.210151, 53.47815 ] ] ] ] } },
{ "type": "Feature", "properties": { "use": "Low Density Housing", "base": 0.0, "height": 9.4 }, "geometry": { "type": "MultiPolygon", "coordinates": [ [ [ [ -2.21014, 53.478038 ], [ -2.210226, 53.477947 ], [ -2.210398, 53.478004 ], [ -2.210329, 53.478087 ], [ -2.21014, 53.478038 ] ] ] ] } },
{ "type": "Feature", "properties": { "use": "Low Density Housing", "base": 0.0, "height": 8.1 }, "geometry": { "type": "MultiPolygon", "coordinates": [ [ [ [ -2.210574, 53.477697 ], [ -2.21059, 53.477344 ], [ -2.210752, 53.477347 ], [ -2.210735, 53.4777 ], [ -2.210574, 53.477697 ] ] ] ] } },
{ "type": "Feature", "properties": { "use": "Medium Density Housing", "base": 0.0, "height": 17.4 }, "geometry": { "type": "MultiPolygon", "coordinates": [ [ [ [ -2.211646, 53.477346 ], [ -2.211891, 53.476823 ], [ -2.212174, 53.476882 ], [ -2.212145, 53.476974 ], [ -2.212465, 53.477027 ], [ -2.212542, 53.476864 ], [ -2.213101, 53.477009 ], [ -2.212453, 53.47748 ], [ -2.211646, 53.477346 ] ] ] ] } },
{ "type": "Feature", "properties": { "use": "Medium Density Housing", "base": 0.0, "height": 21.4 }, "geometry": { "type": "MultiPolygon", "coordinates": [ [ [ [ -2.213676, 53.475242 ], [ -2.213581, 53.475799 ], [ -2.211203, 53.475603 ], [ -2.211398, 53.475103 ], [ -2.213676, 53.475242 ] ] ] ] } },
{ "type": "Feature", "properties": { "use": "Third Spaces (Dining)", "base": 0.0, "height": 21.2 }, "geometry": { "type": "MultiPolygon", "coordinates": [ [ [ [ -2.210657, 53.476674 ], [ -2.210468, 53.477039 ], [ -2.210263, 53.477002 ], [ -2.210408, 53.476629 ], [ -2.210657, 53.476674 ] ] ] ] } },
{ "type": "Feature", "properties": { "use": "Low Density Housing", "base": 0.0, "height": 4.6 }, "geometry": { "type": "MultiPolygon", "coordinates": [ [ [ [ -2.217028, 53.477753 ], [ -2.216528, 53.47806 ], [ -2.2164, 53.477973 ], [ -2.216931, 53.477697 ], [ -2.217028, 53.477753 ] ] ] ] } },
{ "type": "Feature", "properties": { "use": "Low Density Housing", "base": 0.0, "height": 4.1 }, "geometry": { "type": "MultiPolygon", "coordinates": [ [ [ [ -2.216456, 53.478286 ], [ -2.216146, 53.478104 ], [ -2.216247, 53.47805 ], [ -2.216581, 53.478211 ], [ -2.216456, 53.478286 ] ] ] ] } },
{ "type": "Feature", "properties": { "use": "Low Density Housing", "base": 0.0, "height": 6.3 }, "geometry": { "type": "MultiPolygon", "coordinates": [ [ [ [ -2.217353, 53.478244 ], [ -2.217167, 53.47848 ], [ -2.217033, 53.478442 ], [ -2.21722, 53.478207 ], [ -2.217353, 53.478244 ] ] ] ] } },
{ "type": "Feature", "properties": { "use": "Low Density Housing", "base": 0.0, "height": 8.0 }, "geometry": { "type": "MultiPolygon", "coordinates": [ [ [ [ -2.217357, 53.478211 ], [ -2.217427, 53.47812 ], [ -2.217805, 53.478222 ], [ -2.217736, 53.478313 ], [ -2.217357, 53.478211 ] ] ] ] } },
{ "type": "Feature", "properties": { "use": "Low Density Housing", "base": 0.0, "height": 6.6 }, "geometry": { "type": "MultiPolygon", "coordinates": [ [ [ [ -2.216963, 53.478426 ], [ -2.216585, 53.478333 ], [ -2.216668, 53.478214 ], [ -2.217046, 53.478308 ], [ -2.216963, 53.478426 ] ] ] ] } },
{ "type": "Feature", "properties": { "use": "Low Density Housing", "base": 0.0, "height": 3.3 }, "geometry": { "type": "MultiPolygon", "coordinates": [ [ [ [ -2.216267, 53.478611 ], [ -2.215818, 53.478338 ], [ -2.215933, 53.478272 ], [ -2.216377, 53.478547 ], [ -2.216267, 53.478611 ] ] ] ] } },
{ "type": "Feature", "properties": { "use": "Low Density Housing", "base": 0.0, "height": 6.2 }, "geometry": { "type": "MultiPolygon", "coordinates": [ [ [ [ -2.216888, 53.478631 ], [ -2.216465, 53.478513 ], [ -2.216515, 53.478453 ], [ -2.216737, 53.478518 ], [ -2.216928, 53.478574 ], [ -2.216888, 53.478631 ] ] ] ] } },
{ "type": "Feature", "properties": { "use": "Low Density Housing", "base": 0.0, "height": 5.8 }, "geometry": { "type": "MultiPolygon", "coordinates": [ [ [ [ -2.216663, 53.478124 ], [ -2.217157, 53.477819 ], [ -2.217367, 53.477954 ], [ -2.216769, 53.47818 ], [ -2.216663, 53.478124 ] ] ] ] } },
{ "type": "Feature", "properties": { "use": "Low Density Housing", "base": 0.0, "height": 6.2 }, "geometry": { "type": "MultiPolygon", "coordinates": [ [ [ [ -2.217604, 53.478613 ], [ -2.217749, 53.478425 ], [ -2.217891, 53.478296 ], [ -2.218034, 53.478334 ], [ -2.217927, 53.478472 ], [ -2.217735, 53.478648 ], [ -2.217604, 53.478613 ] ] ] ] } },
{ "type": "Feature", "properties": { "use": "Low Density Housing", "base": 0.0, "height": 5.0 }, "geometry": { "type": "MultiPolygon", "coordinates": [ [ [ [ -2.21765, 53.478544 ], [ -2.217597, 53.478613 ], [ -2.217505, 53.478585 ], [ -2.217539, 53.478545 ], [ -2.217608, 53.478531 ], [ -2.21765, 53.478544 ] ] ] ] } },
{ "type": "Feature", "properties": { "use": "Low Density Housing", "base": 0.0, "height": 4.5 }, "geometry": { "type": "MultiPolygon", "coordinates": [ [ [ [ -2.217536, 53.478698 ], [ -2.21748, 53.47875 ], [ -2.217413, 53.478725 ], [ -2.217469, 53.478673 ], [ -2.217536, 53.478698 ] ] ] ] } },
{ "type": "Feature", "properties": { "use": "Low Density Housing", "base": 0.0, "height": 6.7 }, "geometry": { "type": "MultiPolygon", "coordinates": [ [ [ [ -2.217697, 53.478739 ], [ -2.217538, 53.478872 ], [ -2.217455, 53.478837 ], [ -2.217614, 53.478704 ], [ -2.217697, 53.478739 ] ] ] ] } },
{ "type": "Feature", "properties": { "use": "Low Density Housing", "base": 0.0, "height": 4.6 }, "geometry": { "type": "MultiPolygon", "coordinates": [ [ [ [ -2.214488, 53.479274 ], [ -2.214377, 53.479207 ], [ -2.214513, 53.479128 ], [ -2.214726, 53.479032 ], [ -2.214833, 53.479096 ], [ -2.21465, 53.479206 ], [ -2.214488, 53.479274 ] ] ] ] } },
{ "type": "Feature", "properties": { "use": "Low Density Housing", "base": 0.0, "height": 4.3 }, "geometry": { "type": "MultiPolygon", "coordinates": [ [ [ [ -2.21507, 53.479325 ], [ -2.214949, 53.479394 ], [ -2.214708, 53.479242 ], [ -2.21483, 53.479174 ], [ -2.21507, 53.479325 ] ] ] ] } },
{ "type": "Feature", "properties": { "use": "Low Density Housing", "base": 0.0, "height": 3.5 }, "geometry": { "type": "MultiPolygon", "coordinates": [ [ [ [ -2.215189, 53.479293 ], [ -2.215453, 53.479143 ], [ -2.215529, 53.479191 ], [ -2.215266, 53.479341 ], [ -2.215189, 53.479293 ] ] ] ] } },
{ "type": "Feature", "properties": { "use": "Low Density Housing", "base": 0.0, "height": 4.2 }, "geometry": { "type": "MultiPolygon", "coordinates": [ [ [ [ -2.215776, 53.479503 ], [ -2.215729, 53.479562 ], [ -2.215317, 53.479443 ], [ -2.215364, 53.479385 ], [ -2.215776, 53.479503 ] ] ] ] } },
{ "type": "Feature", "properties": { "use": "Low Density Housing", "base": 0.0, "height": 3.1 }, "geometry": { "type": "MultiPolygon", "coordinates": [ [ [ [ -2.216009, 53.479571 ], [ -2.21596, 53.479631 ], [ -2.215752, 53.47957 ], [ -2.215802, 53.47951 ], [ -2.216009, 53.479571 ] ] ] ] } },
{ "type": "Feature", "properties": { "use": "Low Density Housing", "base": 0.0, "height": 7.8 }, "geometry": { "type": "MultiPolygon", "coordinates": [ [ [ [ -2.216421, 53.479704 ], [ -2.216351, 53.479778 ], [ -2.216213, 53.479732 ], [ -2.216299, 53.47964 ], [ -2.216378, 53.479666 ], [ -2.216464, 53.479575 ], [ -2.216598, 53.479619 ], [ -2.216495, 53.479729 ], [ -2.216421, 53.479704 ] ] ] ] } },
{ "type": "Feature", "properties": { "use": "Low Density Housing", "base": 0.0, "height": 5.3 }, "geometry": { "type": "MultiPolygon", "coordinates": [ [ [ [ -2.215235, 53.479652 ], [ -2.21516, 53.479741 ], [ -2.215036, 53.479703 ], [ -2.215111, 53.479615 ], [ -2.215235, 53.479652 ] ] ] ] } },
{ "type": "Feature", "properties": { "use": "Low Density Housing", "base": 0.0, "height": 3.3 }, "geometry": { "type": "MultiPolygon", "coordinates": [ [ [ [ -2.214319, 53.479583 ], [ -2.214189, 53.479504 ], [ -2.214156, 53.479524 ], [ -2.213926, 53.479384 ], [ -2.214043, 53.479316 ], [ -2.214263, 53.479449 ], [ -2.214292, 53.479432 ], [ -2.214432, 53.479517 ], [ -2.214319, 53.479583 ] ] ] ] } },
{ "type": "Feature", "properties": { "use": "Low Density Housing", "base": 0.0, "height": 3.3 }, "geometry": { "type": "MultiPolygon", "coordinates": [ [ [ [ -2.214824, 53.479498 ], [ -2.21473, 53.479604 ], [ -2.214712, 53.479597 ], [ -2.214593, 53.479735 ], [ -2.214465, 53.479695 ], [ -2.214589, 53.479555 ], [ -2.214607, 53.479561 ], [ -2.214699, 53.479459 ], [ -2.214824, 53.479498 ] ] ] ] } },
{ "type": "Feature", "properties": { "use": "Low Density Housing", "base": 0.0, "height": 5.3 }, "geometry": { "type": "MultiPolygon", "coordinates": [ [ [ [ -2.215128, 53.479767 ], [ -2.215053, 53.479855 ], [ -2.214928, 53.479817 ], [ -2.215004, 53.479729 ], [ -2.215128, 53.479767 ] ] ] ] } },
{ "type": "Feature", "properties": { "use": "Low Density Housing", "base": 0.0, "height": 3.2 }, "geometry": { "type": "MultiPolygon", "coordinates": [ [ [ [ -2.214967, 53.48024 ], [ -2.21505, 53.480174 ], [ -2.215183, 53.480232 ], [ -2.215101, 53.480299 ], [ -2.214967, 53.48024 ] ] ] ] } },
{ "type": "Feature", "properties": { "use": "Low Density Housing", "base": 0.0, "height": 3.2 }, "geometry": { "type": "MultiPolygon", "coordinates": [ [ [ [ -2.215176, 53.480313 ], [ -2.215259, 53.480246 ], [ -2.215393, 53.480305 ], [ -2.21531, 53.480371 ], [ -2.215176, 53.480313 ] ] ] ] } },
{ "type": "Feature", "properties": { "use": "Low Density Housing", "base": 0.0, "height": 4.6 }, "geometry": { "type": "MultiPolygon", "coordinates": [ [ [ [ -2.214896, 53.479916 ], [ -2.2149, 53.479889 ], [ -2.215074, 53.4799 ], [ -2.215055, 53.479998 ], [ -2.214888, 53.479988 ], [ -2.214892, 53.479962 ], [ -2.214922, 53.479964 ], [ -2.214929, 53.479918 ], [ -2.214896, 53.479916 ] ] ] ] } },
{ "type": "Feature", "properties": { "use": "Low Density Housing", "base": 0.0, "height": 4.6 }, "geometry": { "type": "MultiPolygon", "coordinates": [ [ [ [ -2.214871, 53.480049 ], [ -2.214875, 53.480023 ], [ -2.21505, 53.480033 ], [ -2.215031, 53.480131 ], [ -2.214863, 53.480121 ], [ -2.214867, 53.480096 ], [ -2.214897, 53.480097 ], [ -2.214905, 53.480051 ], [ -2.214871, 53.480049 ] ] ] ] } },
{ "type": "Feature", "properties": { "use": "Low Density Housing", "base": 0.0, "height": 4.7 }, "geometry": { "type": "MultiPolygon", "coordinates": [ [ [ [ -2.215668, 53.479769 ], [ -2.215599, 53.47986 ], [ -2.215317, 53.479785 ], [ -2.215385, 53.479693 ], [ -2.215668, 53.479769 ] ] ] ] } },
{ "type": "Feature", "properties": { "use": "Low Density Housing", "base": 0.0, "height": 3.5 }, "geometry": { "type": "MultiPolygon", "coordinates": [ [ [ [ -2.215462, 53.480093 ], [ -2.215653, 53.479879 ], [ -2.215767, 53.479915 ], [ -2.215575, 53.480129 ], [ -2.215462, 53.480093 ] ] ] ] } },
{ "type": "Feature", "properties": { "use": "Low Density Housing", "base": 0.0, "height": 6.4 }, "geometry": { "type": "MultiPolygon", "coordinates": [ [ [ [ -2.216147, 53.479947 ], [ -2.2161, 53.479997 ], [ -2.216136, 53.48002 ], [ -2.216098, 53.480059 ], [ -2.216005, 53.480108 ], [ -2.215918, 53.480073 ], [ -2.216084, 53.479926 ], [ -2.216147, 53.479947 ] ] ] ] } },
{ "type": "Feature", "properties": { "use": "Low Density Housing", "base": 0.0, "height": 3.8 }, "geometry": { "type": "MultiPolygon", "coordinates": [ [ [ [ -2.214452, 53.480436 ], [ -2.214344, 53.480542 ], [ -2.214222, 53.480498 ], [ -2.21433, 53.480392 ], [ -2.214452, 53.480436 ] ] ] ] } },
{ "type": "Feature", "properties": { "use": "Low Density Housing", "base": 0.0, "height": 3.8 }, "geometry": { "type": "MultiPolygon", "coordinates": [ [ [ [ -2.214327, 53.480549 ], [ -2.214219, 53.480655 ], [ -2.214097, 53.480611 ], [ -2.214205, 53.480505 ], [ -2.214327, 53.480549 ] ] ] ] } },
{ "type": "Feature", "properties": { "use": "Low Density Housing", "base": 0.0, "height": 3.8 }, "geometry": { "type": "MultiPolygon", "coordinates": [ [ [ [ -2.2142, 53.480666 ], [ -2.214092, 53.480772 ], [ -2.21397, 53.480728 ], [ -2.214078, 53.480622 ], [ -2.2142, 53.480666 ] ] ] ] } },
{ "type": "Feature", "properties": { "use": "Low Density Housing", "base": 0.0, "height": 3.8 }, "geometry": { "type": "MultiPolygon", "coordinates": [ [ [ [ -2.214074, 53.480778 ], [ -2.213966, 53.480885 ], [ -2.213844, 53.480841 ], [ -2.213952, 53.480734 ], [ -2.214074, 53.480778 ] ] ] ] } },
{ "type": "Feature", "properties": { "use": "Low Density Housing", "base": 0.0, "height": 3.8 }, "geometry": { "type": "MultiPolygon", "coordinates": [ [ [ [ -2.213938, 53.480892 ], [ -2.21383, 53.480998 ], [ -2.213708, 53.480954 ], [ -2.213816, 53.480848 ], [ -2.213938, 53.480892 ] ] ] ] } },
{ "type": "Feature", "properties": { "use": "Low Density Housing", "base": 0.0, "height": 3.8 }, "geometry": { "type": "MultiPolygon", "coordinates": [ [ [ [ -2.213812, 53.481004 ], [ -2.213704, 53.48111 ], [ -2.213582, 53.481066 ], [ -2.21369, 53.48096 ], [ -2.213812, 53.481004 ] ] ] ] } },
{ "type": "Feature", "properties": { "use": "Low Density Housing", "base": 0.0, "height": 3.8 }, "geometry": { "type": "MultiPolygon", "coordinates": [ [ [ [ -2.214434, 53.480876 ], [ -2.214326, 53.480982 ], [ -2.214204, 53.480938 ], [ -2.214312, 53.480832 ], [ -2.214434, 53.480876 ] ] ] ] } },
{ "type": "Feature", "properties": { "use": "Low Density Housing", "base": 0.0, "height": 3.8 }, "geometry": { "type": "MultiPolygon", "coordinates": [ [ [ [ -2.214609, 53.480711 ], [ -2.214533, 53.480783 ], [ -2.214356, 53.480717 ], [ -2.214432, 53.480645 ], [ -2.214609, 53.480711 ] ] ] ] } },
{ "type": "Feature", "properties": { "use": "Church", "base": 0.0, "height": 33.0 }, "geometry": { "type": "MultiPolygon", "coordinates": [ [ [ [ -2.215847, 53.480287 ], [ -2.215899, 53.480311 ], [ -2.215665, 53.480543 ], [ -2.215608, 53.480522 ], [ -2.215588, 53.480537 ], [ -2.215456, 53.480478 ], [ -2.215476, 53.480463 ], [ -2.215408, 53.480432 ], [ -2.21568, 53.480217 ], [ -2.215736, 53.480238 ], [ -2.215757, 53.480218 ], [ -2.215878, 53.480262 ], [ -2.215847, 53.480287 ] ] ] ] } },
{ "type": "Feature", "properties": { "use": "Medium Density Housing", "base": 0.0, "height": 16.0 }, "geometry": { "type": "MultiPolygon", "coordinates": [ [ [ [ -2.213256, 53.481188 ], [ -2.212981, 53.481077 ], [ -2.21394, 53.48024 ], [ -2.21422, 53.480338 ], [ -2.213256, 53.481188 ] ] ] ] } },
{ "type": "Feature", "properties": { "use": "Medium Density Housing", "base": 0.0, "height": 16.8 }, "geometry": { "type": "MultiPolygon", "coordinates": [ [ [ [ -2.213478, 53.480355 ], [ -2.213705, 53.480321 ], [ -2.212886, 53.481032 ], [ -2.212612, 53.48092 ], [ -2.212856, 53.480582 ], [ -2.213095, 53.480467 ], [ -2.213251, 53.480421 ], [ -2.213478, 53.480355 ] ] ] ] } },
{ "type": "Feature", "properties": { "use": "Low Density Housing", "base": 0.0, "height": 6.4 }, "geometry": { "type": "MultiPolygon", "coordinates": [ [ [ [ -2.214953, 53.480462 ], [ -2.214844, 53.480568 ], [ -2.214738, 53.480529 ], [ -2.214848, 53.480424 ], [ -2.214953, 53.480462 ] ] ] ] } },
{ "type": "Feature", "properties": { "use": "Medium Density Housing", "base": 0.0, "height": 14.0 }, "geometry": { "type": "MultiPolygon", "coordinates": [ [ [ [ -2.212377, 53.480984 ], [ -2.21236, 53.481039 ], [ -2.212262, 53.481109 ], [ -2.211349, 53.480749 ], [ -2.211137, 53.480848 ], [ -2.210813, 53.48072 ], [ -2.211231, 53.480541 ], [ -2.211232, 53.480541 ], [ -2.212377, 53.480984 ] ] ] ] } },
{ "type": "Feature", "properties": { "use": "Medium Density Housing", "base": 0.0, "height": 21.0 }, "geometry": { "type": "MultiPolygon", "coordinates": [ [ [ [ -2.211101, 53.480861 ], [ -2.210727, 53.481061 ], [ -2.210193, 53.480968 ], [ -2.210773, 53.480738 ], [ -2.211101, 53.480861 ] ] ] ] } },
{ "type": "Feature", "properties": { "use": "Medium Density Housing", "base": 0.0, "height": 17.4 }, "geometry": { "type": "MultiPolygon", "coordinates": [ [ [ [ -2.210636, 53.481108 ], [ -2.211515, 53.481332 ], [ -2.210285, 53.481733 ], [ -2.210636, 53.481108 ] ] ] ] } },
{ "type": "Feature", "properties": { "use": "Medium Density Housing", "base": 0.0, "height": 20.3 }, "geometry": { "type": "MultiPolygon", "coordinates": [ [ [ [ -2.212169, 53.481131 ], [ -2.211587, 53.481316 ], [ -2.210941, 53.481149 ], [ -2.211392, 53.480838 ], [ -2.212169, 53.481131 ] ] ] ] } },
{ "type": "Feature", "properties": { "use": "Low Density Housing", "base": 0.0, "height": 3.8 }, "geometry": { "type": "MultiPolygon", "coordinates": [ [ [ [ -2.213547, 53.481148 ], [ -2.213462, 53.481221 ], [ -2.213333, 53.481168 ], [ -2.213419, 53.481095 ], [ -2.213547, 53.481148 ] ] ] ] } },
{ "type": "Feature", "properties": { "use": "Low Density Housing", "base": 0.0, "height": 3.0 }, "geometry": { "type": "MultiPolygon", "coordinates": [ [ [ [ -2.21364, 53.481189 ], [ -2.213546, 53.481273 ], [ -2.213473, 53.481244 ], [ -2.213567, 53.48116 ], [ -2.21364, 53.481189 ] ] ] ] } },
{ "type": "Feature", "properties": { "use": "Low Density Housing", "base": 0.0, "height": 3.1 }, "geometry": { "type": "MultiPolygon", "coordinates": [ [ [ [ -2.214188, 53.481106 ], [ -2.21411, 53.481177 ], [ -2.21397, 53.481123 ], [ -2.214048, 53.481052 ], [ -2.214188, 53.481106 ] ] ] ] } },
{ "type": "Feature", "properties": { "use": "Low Density Housing", "base": 0.0, "height": 5.1 }, "geometry": { "type": "MultiPolygon", "coordinates": [ [ [ [ -2.214372, 53.481176 ], [ -2.214301, 53.481242 ], [ -2.214163, 53.481194 ], [ -2.214237, 53.481125 ], [ -2.214372, 53.481176 ] ] ] ] } },
{ "type": "Feature", "properties": { "use": "Low Density Housing", "base": 0.0, "height": 5.1 }, "geometry": { "type": "MultiPolygon", "coordinates": [ [ [ [ -2.214224, 53.481428 ], [ -2.214153, 53.481494 ], [ -2.214015, 53.481446 ], [ -2.21409, 53.481377 ], [ -2.214224, 53.481428 ] ] ] ] } },
{ "type": "Feature", "properties": { "use": "Low Density Housing", "base": 0.0, "height": 5.1 }, "geometry": { "type": "MultiPolygon", "coordinates": [ [ [ [ -2.214031, 53.481355 ], [ -2.21396, 53.48142 ], [ -2.213822, 53.481373 ], [ -2.213896, 53.481304 ], [ -2.214031, 53.481355 ] ] ] ] } },
{ "type": "Feature", "properties": { "use": "Low Density Housing", "base": 0.0, "height": 5.1 }, "geometry": { "type": "MultiPolygon", "coordinates": [ [ [ [ -2.214457, 53.481526 ], [ -2.214386, 53.481591 ], [ -2.214248, 53.481544 ], [ -2.214323, 53.481474 ], [ -2.214457, 53.481526 ] ] ] ] } },
{ "type": "Feature", "properties": { "use": "Low Density Housing", "base": 0.0, "height": 5.1 }, "geometry": { "type": "MultiPolygon", "coordinates": [ [ [ [ -2.214412, 53.481205 ], [ -2.214572, 53.481204 ], [ -2.214574, 53.481282 ], [ -2.214414, 53.481288 ], [ -2.214412, 53.481205 ] ] ] ] } },
{ "type": "Feature", "properties": { "use": "Low Density Housing", "base": 0.0, "height": 5.1 }, "geometry": { "type": "MultiPolygon", "coordinates": [ [ [ [ -2.214909, 53.480897 ], [ -2.214839, 53.480963 ], [ -2.2147, 53.480915 ], [ -2.214775, 53.480846 ], [ -2.214909, 53.480897 ] ] ] ] } },
{ "type": "Feature", "properties": { "use": "Low Density Housing", "base": 0.0, "height": 5.1 }, "geometry": { "type": "MultiPolygon", "coordinates": [ [ [ [ -2.214743, 53.480823 ], [ -2.214672, 53.480888 ], [ -2.214534, 53.48084 ], [ -2.214609, 53.480771 ], [ -2.214743, 53.480823 ] ] ] ] } },
{ "type": "Feature", "properties": { "use": "Low Density Housing", "base": 0.0, "height": 5.1 }, "geometry": { "type": "MultiPolygon", "coordinates": [ [ [ [ -2.215092, 53.481004 ], [ -2.215021, 53.48107 ], [ -2.214883, 53.481022 ], [ -2.214957, 53.480953 ], [ -2.215092, 53.481004 ] ] ] ] } },
{ "type": "Feature", "properties": { "use": "Low Density Housing", "base": 0.0, "height": 5.1 }, "geometry": { "type": "MultiPolygon", "coordinates": [ [ [ [ -2.214837, 53.481137 ], [ -2.214747, 53.481216 ], [ -2.214639, 53.481171 ], [ -2.214724, 53.481091 ], [ -2.214837, 53.481137 ] ] ] ] } },
{ "type": "Feature", "properties": { "use": "Low Density Housing", "base": 0.0, "height": 5.1 }, "geometry": { "type": "MultiPolygon", "coordinates": [ [ [ [ -2.215351, 53.48072 ], [ -2.21528, 53.480785 ], [ -2.215142, 53.480738 ], [ -2.215216, 53.480669 ], [ -2.215351, 53.48072 ] ] ] ] } },
{ "type": "Feature", "properties": { "use": "Low Density Housing", "base": 0.0, "height": 5.1 }, "geometry": { "type": "MultiPolygon", "coordinates": [ [ [ [ -2.215157, 53.480642 ], [ -2.215087, 53.480708 ], [ -2.214948, 53.48066 ], [ -2.215023, 53.480591 ], [ -2.215157, 53.480642 ] ] ] ] } },
{ "type": "Feature", "properties": { "use": "Low Density Housing", "base": 0.0, "height": 3.5 }, "geometry": { "type": "MultiPolygon", "coordinates": [ [ [ [ -2.214761, 53.481275 ], [ -2.214698, 53.48129 ], [ -2.214655, 53.481226 ], [ -2.214718, 53.481211 ], [ -2.214761, 53.481275 ] ] ] ] } },
{ "type": "Feature", "properties": { "use": "Office and Commercial Space", "base": 0.0, "height": 10.3 }, "geometry": { "type": "MultiPolygon", "coordinates": [ [ [ [ -2.213502, 53.481873 ], [ -2.213336, 53.48202 ], [ -2.213001, 53.481886 ], [ -2.213166, 53.481739 ], [ -2.213502, 53.481873 ] ] ] ] } },
{ "type": "Feature", "properties": { "use": "Office and Commercial Space", "base": 0.0, "height": 18.1 }, "geometry": { "type": "MultiPolygon", "coordinates": [ [ [ [ -2.213572, 53.482104 ], [ -2.213615, 53.482061 ], [ -2.213673, 53.481838 ], [ -2.213569, 53.481751 ], [ -2.213441, 53.481706 ], [ -2.213677, 53.481473 ], [ -2.214048, 53.481627 ], [ -2.214022, 53.481654 ], [ -2.214235, 53.481752 ], [ -2.213745, 53.48216 ], [ -2.213572, 53.482104 ] ] ] ] } },
{ "type": "Feature", "properties": { "use": "Office and Commercial Space", "base": 0.0, "height": 14.7 }, "geometry": { "type": "MultiPolygon", "coordinates": [ [ [ [ -2.213734, 53.482232 ], [ -2.213598, 53.482357 ], [ -2.213195, 53.48219 ], [ -2.213321, 53.482074 ], [ -2.213734, 53.482232 ] ] ] ] } },
{ "type": "Feature", "properties": { "use": "Office and Commercial Space", "base": 0.0, "height": 14.2 }, "geometry": { "type": "MultiPolygon", "coordinates": [ [ [ [ -2.213316, 53.48203 ], [ -2.213081, 53.482232 ], [ -2.212782, 53.482108 ], [ -2.212987, 53.481894 ], [ -2.213316, 53.48203 ] ] ] ] } },
{ "type": "Feature", "properties": { "use": "Office and Commercial Space", "base": 0.0, "height": 7.5 }, "geometry": { "type": "MultiPolygon", "coordinates": [ [ [ [ -2.212759, 53.481866 ], [ -2.212611, 53.481808 ], [ -2.212543, 53.481863 ], [ -2.212367, 53.481785 ], [ -2.212347, 53.481716 ], [ -2.212572, 53.481534 ], [ -2.212815, 53.481629 ], [ -2.212879, 53.481748 ], [ -2.212759, 53.481866 ] ] ] ] } },
{ "type": "Feature", "properties": { "use": "Grocery Store", "base": 0.0, "height": 6.2 }, "geometry": { "type": "MultiPolygon", "coordinates": [ [ [ [ -2.213437, 53.481418 ], [ -2.213261, 53.481599 ], [ -2.212506, 53.481339 ], [ -2.212681, 53.481158 ], [ -2.213437, 53.481418 ] ] ] ] } },
{ "type": "Feature", "properties": { "use": "Low Density Housing", "base": 0.0, "height": 15.3 }, "geometry": { "type": "MultiPolygon", "coordinates": [ [ [ [ -2.219321, 53.482579 ], [ -2.219286, 53.482596 ], [ -2.219332, 53.482629 ], [ -2.219333, 53.48263 ], [ -2.219285, 53.482654 ], [ -2.219244, 53.482625 ], [ -2.219209, 53.482643 ], [ -2.219248, 53.482671 ], [ -2.219248, 53.482672 ], [ -2.219201, 53.482696 ], [ -2.21915, 53.48266 ], [ -2.219075, 53.482698 ], [ -2.219125, 53.482733 ], [ -2.219125, 53.482734 ], [ -2.219036, 53.482779 ], [ -2.218982, 53.482742 ], [ -2.218907, 53.48278 ], [ -2.218954, 53.482814 ], [ -2.218954, 53.482815 ], [ -2.218913, 53.48284 ], [ -2.218861, 53.482804 ], [ -2.218824, 53.482823 ], [ -2.218873, 53.482858 ], [ -2.218874, 53.482859 ], [ -2.218785, 53.482904 ], [ -2.21873, 53.482865 ], [ -2.218652, 53.482904 ], [ -2.218704, 53.48294 ], [ -2.218704, 53.482941 ], [ -2.21866, 53.482963 ], [ -2.218623, 53.482937 ], [ -2.218585, 53.482957 ], [ -2.218619, 53.48298 ], [ -2.218619, 53.482982 ], [ -2.218577, 53.483004 ], [ -2.218524, 53.482967 ], [ -2.218486, 53.482986 ], [ -2.218537, 53.483023 ], [ -2.218537, 53.483024 ], [ -2.218492, 53.483047 ], [ -2.21844, 53.483009 ], [ -2.218404, 53.483027 ], [ -2.218453, 53.483062 ], [ -2.218453, 53.483063 ], [ -2.218367, 53.483109 ], [ -2.218313, 53.483073 ], [ -2.218239, 53.483112 ], [ -2.218289, 53.483146 ], [ -2.218289, 53.483148 ], [ -2.218245, 53.483171 ], [ -2.218239, 53.48317 ], [ -2.21812, 53.483086 ], [ -2.218119, 53.483084 ], [ -2.218166, 53.483061 ], [ -2.218197, 53.483083 ], [ -2.218276, 53.483045 ], [ -2.218243, 53.483023 ], [ -2.218243, 53.483022 ], [ -2.218331, 53.482977 ], [ -2.218363, 53.483 ], [ -2.2184, 53.482981 ], [ -2.218372, 53.482961 ], [ -2.218372, 53.48296 ], [ -2.218415, 53.482938 ], [ -2.218446, 53.48296 ], [ -2.218485, 53.48294 ], [ -2.218456, 53.48292 ], [ -2.218456, 53.482919 ], [ -2.218499, 53.482896 ], [ -2.218522, 53.482912 ], [ -2.21856, 53.482893 ], [ -2.218539, 53.482879 ], [ -2.218538, 53.482877 ], [ -2.218583, 53.482855 ], [ -2.218614, 53.482877 ], [ -2.218691, 53.482838 ], [ -2.218662, 53.482817 ], [ -2.218661, 53.482815 ], [ -2.218748, 53.482772 ], [ -2.218781, 53.482793 ], [ -2.218818, 53.482774 ], [ -2.218788, 53.482753 ], [ -2.218788, 53.482751 ], [ -2.218833, 53.482729 ], [ -2.218863, 53.48275 ], [ -2.21894, 53.482712 ], [ -2.218911, 53.482691 ], [ -2.218911, 53.48269 ], [ -2.218998, 53.482645 ], [ -2.21903, 53.482667 ], [ -2.219107, 53.482629 ], [ -2.219077, 53.482608 ], [ -2.219077, 53.482606 ], [ -2.219121, 53.482584 ], [ -2.219138, 53.482596 ], [ -2.219177, 53.482577 ], [ -2.219162, 53.482566 ], [ -2.219162, 53.482564 ], [ -2.219204, 53.482542 ], [ -2.219238, 53.482565 ], [ -2.219275, 53.482546 ], [ -2.219244, 53.482526 ], [ -2.219243, 53.482524 ], [ -2.21929, 53.482501 ], [ -2.219413, 53.482587 ], [ -2.219413, 53.482589 ], [ -2.219371, 53.482614 ], [ -2.219321, 53.482579 ] ] ] ] } },
{ "type": "Feature", "properties": { "use": "Low Density Housing", "base": 0.0, "height": 20.0 }, "geometry": { "type": "MultiPolygon", "coordinates": [ [ [ [ -2.219565, 53.482589 ], [ -2.219374, 53.482396 ], [ -2.219144, 53.482409 ], [ -2.218984, 53.482296 ], [ -2.219296, 53.482102 ], [ -2.219833, 53.482468 ], [ -2.219565, 53.482589 ] ] ] ] } },
{ "type": "Feature", "properties": { "use": "Office and Commercial Space", "base": 0.0, "height": 16.3 }, "geometry": { "type": "MultiPolygon", "coordinates": [ [ [ [ -2.216853, 53.482772 ], [ -2.217228, 53.483072 ], [ -2.216883, 53.483205 ], [ -2.216264, 53.482735 ], [ -2.216815, 53.48228 ], [ -2.216945, 53.482379 ], [ -2.216744, 53.482545 ], [ -2.216951, 53.482711 ], [ -2.216853, 53.482772 ] ] ] ] } },
{ "type": "Feature", "properties": { "use": "Office and Commercial Space", "base": 0.0, "height": 36.9 }, "geometry": { "type": "MultiPolygon", "coordinates": [ [ [ [ -2.216695, 53.483419 ], [ -2.216562, 53.483477 ], [ -2.216159, 53.483151 ], [ -2.21623, 53.48312 ], [ -2.215995, 53.48293 ], [ -2.216158, 53.4828 ], [ -2.21677, 53.483247 ], [ -2.216584, 53.483329 ], [ -2.216695, 53.483419 ] ] ] ] } },
{ "type": "Feature", "properties": { "use": "Low Density Housing", "base": 0.0, "height": 15.3 }, "geometry": { "type": "MultiPolygon", "coordinates": [ [ [ [ -2.217983, 53.483187 ], [ -2.21761, 53.48336 ], [ -2.217497, 53.483275 ], [ -2.217883, 53.48311 ], [ -2.217983, 53.483187 ] ] ] ] } },
{ "type": "Feature", "properties": { "use": "Low Density Housing", "base": 0.0, "height": 15.3 }, "geometry": { "type": "MultiPolygon", "coordinates": [ [ [ [ -2.218317, 53.483532 ], [ -2.217943, 53.483705 ], [ -2.217831, 53.48362 ], [ -2.218216, 53.483455 ], [ -2.218317, 53.483532 ] ] ] ] } },
{ "type": "Feature", "properties": { "use": "Low Density Housing", "base": 0.0, "height": 15.3 }, "geometry": { "type": "MultiPolygon", "coordinates": [ [ [ [ -2.217238, 53.483537 ], [ -2.216864, 53.483711 ], [ -2.216752, 53.483625 ], [ -2.217137, 53.48346 ], [ -2.217238, 53.483537 ] ] ] ] } },
{ "type": "Feature", "properties": { "use": "Low Density Housing", "base": 0.0, "height": 15.3 }, "geometry": { "type": "MultiPolygon", "coordinates": [ [ [ [ -2.2176, 53.483367 ], [ -2.217227, 53.483541 ], [ -2.217114, 53.483455 ], [ -2.2175, 53.483291 ], [ -2.2176, 53.483367 ] ] ] ] } },
{ "type": "Feature", "properties": { "use": "Low Density Housing", "base": 0.0, "height": 15.3 }, "geometry": { "type": "MultiPolygon", "coordinates": [ [ [ [ -2.217842, 53.483765 ], [ -2.217468, 53.483938 ], [ -2.217356, 53.483853 ], [ -2.217741, 53.483688 ], [ -2.217842, 53.483765 ] ] ] ] } },
{ "type": "Feature", "properties": { "use": "Low Density Housing", "base": 0.0, "height": 15.3 }, "geometry": { "type": "MultiPolygon", "coordinates": [ [ [ [ -2.217384, 53.483983 ], [ -2.21701, 53.484156 ], [ -2.216897, 53.484071 ], [ -2.217283, 53.483906 ], [ -2.217384, 53.483983 ] ] ] ] } },
{ "type": "Feature", "properties": { "use": "Low Density Housing", "base": 0.0, "height": 15.1 }, "geometry": { "type": "MultiPolygon", "coordinates": [ [ [ [ -2.218597, 53.483371 ], [ -2.218515, 53.483298 ], [ -2.218988, 53.48311 ], [ -2.219071, 53.483183 ], [ -2.218597, 53.483371 ] ] ] ] } },
{ "type": "Feature", "properties": { "use": "Low Density Housing", "base": 0.0, "height": 15.1 }, "geometry": { "type": "MultiPolygon", "coordinates": [ [ [ [ -2.219558, 53.482935 ], [ -2.219475, 53.482861 ], [ -2.219949, 53.482673 ], [ -2.220031, 53.482747 ], [ -2.219558, 53.482935 ] ] ] ] } },
{ "type": "Feature", "properties": { "use": "Low Density Housing", "base": 0.0, "height": 15.1 }, "geometry": { "type": "MultiPolygon", "coordinates": [ [ [ [ -2.219082, 53.483157 ], [ -2.218999, 53.483083 ], [ -2.219473, 53.482895 ], [ -2.219555, 53.482969 ], [ -2.219082, 53.483157 ] ] ] ] } },
{ "type": "Feature", "properties": { "use": "Low Density Housing", "base": 0.0, "height": 20.3 }, "geometry": { "type": "MultiPolygon", "coordinates": [ [ [ [ -2.219106, 53.482446 ], [ -2.218024, 53.482987 ], [ -2.217908, 53.482904 ], [ -2.218989, 53.482364 ], [ -2.219106, 53.482446 ] ] ] ] } },
{ "type": "Feature", "properties": { "use": "Office and Commercial Space", "base": 0.0, "height": 27.5 }, "geometry": { "type": "MultiPolygon", "coordinates": [ [ [ [ -2.216016, 53.483727 ], [ -2.215898, 53.483814 ], [ -2.215756, 53.483819 ], [ -2.215619, 53.483886 ], [ -2.215521, 53.483838 ], [ -2.215862, 53.48359 ], [ -2.215904, 53.48361 ], [ -2.216132, 53.483443 ], [ -2.216314, 53.483545 ], [ -2.21609, 53.483763 ], [ -2.216016, 53.483727 ] ] ] ] } },
{ "type": "Feature", "properties": { "use": "Office and Commercial Space", "base": 0.0, "height": 26.7 }, "geometry": { "type": "MultiPolygon", "coordinates": [ [ [ [ -2.215935, 53.483294 ], [ -2.216082, 53.48337 ], [ -2.21542, 53.483824 ], [ -2.214942, 53.483701 ], [ -2.215041, 53.483604 ], [ -2.215347, 53.483762 ], [ -2.215403, 53.483724 ], [ -2.215096, 53.483566 ], [ -2.215947, 53.482983 ], [ -2.216072, 53.483118 ], [ -2.215935, 53.483294 ] ] ] ] } },
{ "type": "Feature", "properties": { "use": "Office and Commercial Space", "base": 0.0, "height": 9.7 }, "geometry": { "type": "MultiPolygon", "coordinates": [ [ [ [ -2.217536, 53.482847 ], [ -2.217531, 53.482894 ], [ -2.217251, 53.483049 ], [ -2.216903, 53.48277 ], [ -2.217087, 53.482654 ], [ -2.217102, 53.482519 ], [ -2.217536, 53.482847 ] ] ] ] } },
{ "type": "Feature", "properties": { "use": "Office and Commercial Space", "base": 0.0, "height": 45.8 }, "geometry": { "type": "MultiPolygon", "coordinates": [ [ [ [ -2.216767, 53.482535 ], [ -2.216956, 53.482399 ], [ -2.217061, 53.482493 ], [ -2.217036, 53.48265 ], [ -2.216961, 53.482692 ], [ -2.216767, 53.482535 ] ] ] ] } },
{ "type": "Feature", "properties": { "use": "Office and Commercial Space", "base": 0.0, "height": 19.3 }, "geometry": { "type": "MultiPolygon", "coordinates": [ [ [ [ -2.2166, 53.482316 ], [ -2.216224, 53.482594 ], [ -2.2158, 53.48241 ], [ -2.21583, 53.482386 ], [ -2.215956, 53.48244 ], [ -2.216069, 53.482347 ], [ -2.216194, 53.482402 ], [ -2.216293, 53.48232 ], [ -2.21653, 53.482286 ], [ -2.2166, 53.482316 ] ] ] ] } },
{ "type": "Feature", "properties": { "use": "Office and Commercial Space", "base": 0.0, "height": 22.7 }, "geometry": { "type": "MultiPolygon", "coordinates": [ [ [ [ -2.215797, 53.482463 ], [ -2.215533, 53.482677 ], [ -2.215315, 53.482581 ], [ -2.215493, 53.482438 ], [ -2.215797, 53.482463 ] ] ] ] } },
{ "type": "Feature", "properties": { "use": "Office and Commercial Space", "base": 0.0, "height": 22.0 }, "geometry": { "type": "MultiPolygon", "coordinates": [ [ [ [ -2.216127, 53.482615 ], [ -2.215872, 53.482815 ], [ -2.215589, 53.482687 ], [ -2.215846, 53.482497 ], [ -2.216127, 53.482615 ] ] ] ] } },
{ "type": "Feature", "properties": { "use": "Office and Commercial Space", "base": 0.0, "height": 16.7 }, "geometry": { "type": "MultiPolygon", "coordinates": [ [ [ [ -2.215738, 53.481528 ], [ -2.215596, 53.481665 ], [ -2.214886, 53.481406 ], [ -2.21515, 53.48115 ], [ -2.215351, 53.481223 ], [ -2.215738, 53.481528 ] ] ] ] } },
{ "type": "Feature", "properties": { "use": "Office and Commercial Space", "base": 0.0, "height": 17.8 }, "geometry": { "type": "MultiPolygon", "coordinates": [ [ [ [ -2.215534, 53.481699 ], [ -2.21528, 53.481936 ], [ -2.2146, 53.481678 ], [ -2.214854, 53.481441 ], [ -2.215534, 53.481699 ] ] ] ] } },
{ "type": "Feature", "properties": { "use": "Office and Commercial Space", "base": 0.0, "height": 20.4 }, "geometry": { "type": "MultiPolygon", "coordinates": [ [ [ [ -2.214655, 53.482153 ], [ -2.214271, 53.482005 ], [ -2.214597, 53.481706 ], [ -2.215183, 53.481953 ], [ -2.214824, 53.481997 ], [ -2.214655, 53.482153 ] ] ] ] } },
{ "type": "Feature", "properties": { "use": "Office and Commercial Space", "base": 0.0, "height": 36.6 }, "geometry": { "type": "MultiPolygon", "coordinates": [ [ [ [ -2.215567, 53.481801 ], [ -2.215811, 53.481603 ], [ -2.21649, 53.482108 ], [ -2.216453, 53.482139 ], [ -2.215567, 53.481801 ] ] ] ] } },
{ "type": "Feature", "properties": { "use": "Office and Commercial Space", "base": 0.0, "height": 33.4 }, "geometry": { "type": "MultiPolygon", "coordinates": [ [ [ [ -2.214685, 53.482199 ], [ -2.214806, 53.482389 ], [ -2.214579, 53.482422 ], [ -2.214281, 53.482042 ], [ -2.214676, 53.482185 ], [ -2.214685, 53.482199 ] ] ] ] } },
{ "type": "Feature", "properties": { "use": "Office and Commercial Space", "base": 0.0, "height": 26.1 }, "geometry": { "type": "MultiPolygon", "coordinates": [ [ [ [ -2.215296, 53.48197 ], [ -2.215929, 53.482233 ], [ -2.214855, 53.482365 ], [ -2.214731, 53.482168 ], [ -2.214854, 53.482072 ], [ -2.215296, 53.48197 ] ] ] ] } },
{ "type": "Feature", "properties": { "use": "Office and Commercial Space", "base": 0.0, "height": 19.9 }, "geometry": { "type": "MultiPolygon", "coordinates": [ [ [ [ -2.215952, 53.482205 ], [ -2.215392, 53.481987 ], [ -2.215393, 53.481986 ], [ -2.215371, 53.481978 ], [ -2.21548, 53.481879 ], [ -2.215502, 53.481887 ], [ -2.215547, 53.481846 ], [ -2.216355, 53.482157 ], [ -2.216354, 53.482157 ], [ -2.215952, 53.482205 ] ] ] ] } },
{ "type": "Feature", "properties": { "use": "Office and Commercial Space", "base": 0.0, "height": 41.3 }, "geometry": { "type": "MultiPolygon", "coordinates": [ [ [ [ -2.214164, 53.482221 ], [ -2.213899, 53.482455 ], [ -2.21397, 53.482481 ], [ -2.214287, 53.482197 ], [ -2.214462, 53.482448 ], [ -2.213608, 53.482588 ], [ -2.213598, 53.482566 ], [ -2.213768, 53.482406 ], [ -2.214086, 53.482093 ], [ -2.214154, 53.482118 ], [ -2.214183, 53.482161 ], [ -2.214164, 53.482221 ] ] ] ] } },
{ "type": "Feature", "properties": { "use": "Church", "base": 0.0, "height": 26.7 }, "geometry": { "type": "MultiPolygon", "coordinates": [ [ [ [ -2.215723, 53.481247 ], [ -2.215464, 53.481076 ], [ -2.215335, 53.481022 ], [ -2.215686, 53.480722 ], [ -2.216125, 53.480903 ], [ -2.215723, 53.481247 ] ] ] ] } },
{ "type": "Feature", "properties": { "use": "School", "base": 0.0, "height": 10.4 }, "geometry": { "type": "MultiPolygon", "coordinates": [ [ [ [ -2.21677, 53.481978 ], [ -2.216052, 53.481457 ], [ -2.216517, 53.481094 ], [ -2.217388, 53.481465 ], [ -2.21677, 53.481978 ] ] ] ] } },
{ "type": "Feature", "properties": { "use": "School", "base": 0.0, "height": 10.6 }, "geometry": { "type": "MultiPolygon", "coordinates": [ [ [ [ -2.218622, 53.480788 ], [ -2.217337, 53.481305 ], [ -2.216989, 53.481016 ], [ -2.218234, 53.480484 ], [ -2.218622, 53.480788 ] ] ] ] } },
{ "type": "Feature", "properties": { "use": "Medium Density Housing", "base": 0.0, "height": 11.8 }, "geometry": { "type": "MultiPolygon", "coordinates": [ [ [ [ -2.216592, 53.480699 ], [ -2.216216, 53.480553 ], [ -2.216993, 53.479847 ], [ -2.217115, 53.479894 ], [ -2.21737, 53.480009 ], [ -2.217608, 53.480149 ], [ -2.217915, 53.480376 ], [ -2.216865, 53.480806 ], [ -2.216592, 53.480699 ] ] ] ] } },
{ "type": "Feature", "properties": { "use": "Medium Density Housing", "base": 0.0, "height": 15.1 }, "geometry": { "type": "MultiPolygon", "coordinates": [ [ [ [ -2.217164, 53.479565 ], [ -2.216992, 53.47974 ], [ -2.216877, 53.4797 ], [ -2.217155, 53.479417 ], [ -2.217369, 53.479491 ], [ -2.217263, 53.479599 ], [ -2.217164, 53.479565 ] ] ] ] } },
{ "type": "Feature", "properties": { "use": "Medium Density Housing", "base": 0.0, "height": 16.3 }, "geometry": { "type": "MultiPolygon", "coordinates": [ [ [ [ -2.217973, 53.48026 ], [ -2.217572, 53.47994 ], [ -2.217719, 53.479875 ], [ -2.21812, 53.480194 ], [ -2.217973, 53.48026 ] ] ] ] } },
{ "type": "Feature", "properties": { "use": "Medium Density Housing", "base": 0.0, "height": 14.7 }, "geometry": { "type": "MultiPolygon", "coordinates": [ [ [ [ -2.217727, 53.479826 ], [ -2.21758, 53.479897 ], [ -2.217414, 53.479774 ], [ -2.217561, 53.479703 ], [ -2.217727, 53.479826 ] ] ] ] } },
{ "type": "Feature", "properties": { "use": "Medium Density Housing", "base": 0.0, "height": 13.3 }, "geometry": { "type": "MultiPolygon", "coordinates": [ [ [ [ -2.2181, 53.480433 ], [ -2.217971, 53.480314 ], [ -2.21807, 53.48024 ], [ -2.218226, 53.480384 ], [ -2.2181, 53.480433 ] ] ] ] } },
{ "type": "Feature", "properties": { "use": "Medium Density Housing", "base": 0.0, "height": 36.1 }, "geometry": { "type": "MultiPolygon", "coordinates": [ [ [ [ -2.218064, 53.479208 ], [ -2.218149, 53.479152 ], [ -2.217884, 53.479012 ], [ -2.217561, 53.479229 ], [ -2.217846, 53.479355 ], [ -2.218031, 53.479549 ], [ -2.218444, 53.479409 ], [ -2.218314, 53.479272 ], [ -2.218586, 53.47918 ], [ -2.218844, 53.479414 ], [ -2.218319, 53.479634 ], [ -2.217877, 53.47982 ], [ -2.217583, 53.479572 ], [ -2.217583, 53.479571 ], [ -2.21767, 53.479497 ], [ -2.21727, 53.47932 ], [ -2.217928, 53.478814 ], [ -2.218488, 53.479061 ], [ -2.218487, 53.479062 ], [ -2.218125, 53.47934 ], [ -2.217921, 53.479246 ], [ -2.217996, 53.479188 ], [ -2.218064, 53.479208 ] ] ] ] } },
{ "type": "Feature", "properties": { "use": "Medium Density Housing", "base": 0.0, "height": 29.4 }, "geometry": { "type": "MultiPolygon", "coordinates": [ [ [ [ -2.219216, 53.478316 ], [ -2.2185, 53.47851 ], [ -2.218279, 53.478522 ], [ -2.2184, 53.47842 ], [ -2.218616, 53.478322 ], [ -2.218822, 53.478266 ], [ -2.218927, 53.478247 ], [ -2.219298, 53.478292 ], [ -2.219216, 53.478316 ] ] ] ] } },
{ "type": "Feature", "properties": { "use": "Medium Density Housing", "base": 0.0, "height": 33.5 }, "geometry": { "type": "MultiPolygon", "coordinates": [ [ [ [ -2.218562, 53.478931 ], [ -2.218561, 53.478931 ], [ -2.218049, 53.478721 ], [ -2.218226, 53.478587 ], [ -2.21844, 53.478686 ], [ -2.219009, 53.478455 ], [ -2.219532, 53.478314 ], [ -2.219779, 53.47834 ], [ -2.218562, 53.478931 ] ] ] ] } },
{ "type": "Feature", "properties": { "use": "Medium Density Housing", "base": 0.0, "height": 38.6 }, "geometry": { "type": "MultiPolygon", "coordinates": [ [ [ [ -2.219426, 53.479855 ], [ -2.218455, 53.480257 ], [ -2.217986, 53.479882 ], [ -2.218934, 53.479462 ], [ -2.219426, 53.479855 ] ] ] ] } },
{ "type": "Feature", "properties": { "use": "Medium Density Housing", "base": 0.0, "height": 34.4 }, "geometry": { "type": "MultiPolygon", "coordinates": [ [ [ [ -2.221718, 53.479663 ], [ -2.221718, 53.479485 ], [ -2.221888, 53.479385 ], [ -2.221784, 53.479311 ], [ -2.221784, 53.479146 ], [ -2.222259, 53.47941 ], [ -2.221718, 53.479663 ] ] ] ] } },
{ "type": "Feature", "properties": { "use": "Medium Density Housing", "base": 0.0, "height": 40.7 }, "geometry": { "type": "MultiPolygon", "coordinates": [ [ [ [ -2.221471, 53.479435 ], [ -2.221471, 53.479187 ], [ -2.221701, 53.479074 ], [ -2.221639, 53.47954 ], [ -2.221471, 53.479435 ] ] ] ] } },
{ "type": "Feature", "properties": { "use": "Medium Density Housing", "base": 0.0, "height": 34.9 }, "geometry": { "type": "MultiPolygon", "coordinates": [ [ [ [ -2.221503, 53.479086 ], [ -2.221248, 53.479236 ], [ -2.220621, 53.478859 ], [ -2.220889, 53.478737 ], [ -2.221503, 53.479086 ] ] ] ] } },
{ "type": "Feature", "properties": { "use": "Medium Density Housing", "base": 0.0, "height": 25.6 }, "geometry": { "type": "MultiPolygon", "coordinates": [ [ [ [ -2.22044, 53.478613 ], [ -2.22023, 53.478703 ], [ -2.219864, 53.4784 ], [ -2.219942, 53.478367 ], [ -2.220103, 53.478378 ], [ -2.220333, 53.478413 ], [ -2.220647, 53.47851 ], [ -2.22086, 53.478611 ], [ -2.220581, 53.47873 ], [ -2.22044, 53.478613 ] ] ] ] } },
{ "type": "Feature", "properties": { "use": "Medium Density Housing", "base": 0.0, "height": 22.5 }, "geometry": { "type": "MultiPolygon", "coordinates": [ [ [ [ -2.219524, 53.478686 ], [ -2.219843, 53.47855 ], [ -2.220099, 53.478755 ], [ -2.220159, 53.478736 ], [ -2.220259, 53.478805 ], [ -2.219868, 53.478972 ], [ -2.219524, 53.478686 ] ] ] ] } },
{ "type": "Feature", "properties": { "use": "Medium Density Housing", "base": 0.0, "height": 29.7 }, "geometry": { "type": "MultiPolygon", "coordinates": [ [ [ [ -2.220404, 53.479486 ], [ -2.220285, 53.479411 ], [ -2.220297, 53.479382 ], [ -2.220337, 53.479276 ], [ -2.220495, 53.479203 ], [ -2.22072, 53.479217 ], [ -2.220789, 53.479331 ], [ -2.220668, 53.479432 ], [ -2.220404, 53.479486 ] ] ] ] } },
{ "type": "Feature", "properties": { "use": "Medium Density Housing", "base": 0.0, "height": 33.2 }, "geometry": { "type": "MultiPolygon", "coordinates": [ [ [ [ -2.22037, 53.478951 ], [ -2.220548, 53.479098 ], [ -2.219545, 53.47953 ], [ -2.219366, 53.479384 ], [ -2.22037, 53.478951 ] ] ] ] } },
{ "type": "Feature", "properties": { "use": "Medium Density Housing", "base": 0.0, "height": 48.7 }, "geometry": { "type": "MultiPolygon", "coordinates": [ [ [ [ -2.219433, 53.479925 ], [ -2.219615, 53.480054 ], [ -2.218549, 53.480586 ], [ -2.218409, 53.480436 ], [ -2.219433, 53.479925 ] ] ] ] } },
{ "type": "Feature", "properties": { "use": "Medium Density Housing", "base": 0.0, "height": 31.0 }, "geometry": { "type": "MultiPolygon", "coordinates": [ [ [ [ -2.219834, 53.480039 ], [ -2.219806, 53.480015 ], [ -2.219417, 53.479676 ], [ -2.219619, 53.479594 ], [ -2.220072, 53.479942 ], [ -2.219834, 53.480039 ] ] ] ] } },
{ "type": "Feature", "properties": { "use": "Medium Density Housing", "base": 0.0, "height": 48.3 }, "geometry": { "type": "MultiPolygon", "coordinates": [ [ [ [ -2.223051, 53.481166 ], [ -2.223434, 53.480988 ], [ -2.223588, 53.481105 ], [ -2.223204, 53.481283 ], [ -2.223051, 53.481166 ] ] ] ] } },
{ "type": "Feature", "properties": { "use": "Medium Density Housing", "base": 0.0, "height": 52.9 }, "geometry": { "type": "MultiPolygon", "coordinates": [ [ [ [ -2.218877, 53.480864 ], [ -2.218624, 53.480645 ], [ -2.218814, 53.480567 ], [ -2.218887, 53.48063 ], [ -2.219672, 53.480307 ], [ -2.219478, 53.480133 ], [ -2.219629, 53.480073 ], [ -2.220007, 53.480399 ], [ -2.218877, 53.480864 ] ] ] ] } },
{ "type": "Feature", "properties": { "use": "Medium Density Housing", "base": 0.0, "height": 21.0 }, "geometry": { "type": "MultiPolygon", "coordinates": [ [ [ [ -2.220524, 53.479747 ], [ -2.220502, 53.479796 ], [ -2.220435, 53.479856 ], [ -2.220336, 53.47989 ], [ -2.22025, 53.479918 ], [ -2.220207, 53.479867 ], [ -2.220288, 53.47982 ], [ -2.220332, 53.479758 ], [ -2.220333, 53.479753 ], [ -2.220343, 53.479681 ], [ -2.220328, 53.479654 ], [ -2.220409, 53.479649 ], [ -2.220483, 53.479669 ], [ -2.220524, 53.479747 ] ] ] ] } },
{ "type": "Feature", "properties": { "use": "Medium Density Housing", "base": 0.0, "height": 23.9 }, "geometry": { "type": "MultiPolygon", "coordinates": [ [ [ [ -2.22085, 53.479792 ], [ -2.220577, 53.479585 ], [ -2.220898, 53.479435 ], [ -2.221068, 53.479573 ], [ -2.221022, 53.479711 ], [ -2.22085, 53.479792 ] ] ] ] } },
{ "type": "Feature", "properties": { "use": "Medium Density Housing", "base": 0.0, "height": 27.1 }, "geometry": { "type": "MultiPolygon", "coordinates": [ [ [ [ -2.220121, 53.48036 ], [ -2.219928, 53.480202 ], [ -2.221263, 53.479628 ], [ -2.221462, 53.479783 ], [ -2.220121, 53.48036 ] ] ] ] } },
{ "type": "Feature", "properties": { "use": "Medium Density Housing", "base": 0.0, "height": 37.1 }, "geometry": { "type": "MultiPolygon", "coordinates": [ [ [ [ -2.218725, 53.481558 ], [ -2.218883, 53.481724 ], [ -2.218212, 53.48195 ], [ -2.218054, 53.481785 ], [ -2.21839, 53.481672 ], [ -2.218725, 53.481558 ] ] ] ] } },
{ "type": "Feature", "properties": { "use": "Medium Density Housing", "base": 0.0, "height": 38.3 }, "geometry": { "type": "MultiPolygon", "coordinates": [ [ [ [ -2.219409, 53.481608 ], [ -2.219634, 53.481678 ], [ -2.218667, 53.482227 ], [ -2.217701, 53.482776 ], [ -2.217535, 53.482673 ], [ -2.219409, 53.481608 ] ] ] ] } },
{ "type": "Feature", "properties": { "use": "Medium Density Housing", "base": 0.0, "height": 52.3 }, "geometry": { "type": "MultiPolygon", "coordinates": [ [ [ [ -2.224151, 53.480773 ], [ -2.223755, 53.48103 ], [ -2.223527, 53.480905 ], [ -2.223922, 53.480648 ], [ -2.224151, 53.480773 ] ] ] ] } },
{ "type": "Feature", "properties": { "use": "Medium Density Housing", "base": 0.0, "height": 60.8 }, "geometry": { "type": "MultiPolygon", "coordinates": [ [ [ [ -2.218134, 53.482134 ], [ -2.217548, 53.482462 ], [ -2.21738, 53.482261 ], [ -2.217152, 53.482329 ], [ -2.217023, 53.482176 ], [ -2.21771, 53.481971 ], [ -2.217939, 53.481903 ], [ -2.218041, 53.482023 ], [ -2.218068, 53.482056 ], [ -2.218134, 53.482134 ] ] ] ] } },
{ "type": "Feature", "properties": { "use": "Medium Density Housing", "base": 0.0, "height": 35.9 }, "geometry": { "type": "MultiPolygon", "coordinates": [ [ [ [ -2.22308, 53.481033 ], [ -2.222929, 53.481089 ], [ -2.222403, 53.480586 ], [ -2.222569, 53.480546 ], [ -2.22308, 53.481033 ] ] ] ] } },
{ "type": "Feature", "properties": { "use": "Medium Density Housing", "base": 0.0, "height": 35.1 }, "geometry": { "type": "MultiPolygon", "coordinates": [ [ [ [ -2.223257, 53.48082 ], [ -2.22291, 53.480502 ], [ -2.222822, 53.480498 ], [ -2.222734, 53.480495 ], [ -2.222612, 53.480466 ], [ -2.22295, 53.480221 ], [ -2.223209, 53.480365 ], [ -2.223336, 53.480172 ], [ -2.223507, 53.480212 ], [ -2.223906, 53.480543 ], [ -2.223257, 53.48082 ] ] ], [ [ [ -2.223332, 53.480875 ], [ -2.223332, 53.480876 ], [ -2.223133, 53.480947 ], [ -2.222727, 53.480548 ], [ -2.222822, 53.480498 ], [ -2.223257, 53.48082 ], [ -2.223332, 53.480875 ] ] ] ] } },
{ "type": "Feature", "properties": { "use": "Medium Density Housing", "base": 0.0, "height": 53.7 }, "geometry": { "type": "MultiPolygon", "coordinates": [ [ [ [ -2.220969, 53.481401 ], [ -2.220561, 53.481627 ], [ -2.220244, 53.481762 ], [ -2.220185, 53.481788 ], [ -2.219884, 53.481973 ], [ -2.219735, 53.481869 ], [ -2.220072, 53.481682 ], [ -2.220391, 53.481529 ], [ -2.220845, 53.48131 ], [ -2.220969, 53.481401 ] ] ] ] } },
{ "type": "Feature", "properties": { "use": "Medium Density Housing", "base": 0.0, "height": 45.2 }, "geometry": { "type": "MultiPolygon", "coordinates": [ [ [ [ -2.221808, 53.481941 ], [ -2.221181, 53.482234 ], [ -2.221003, 53.482098 ], [ -2.221462, 53.481884 ], [ -2.221302, 53.481762 ], [ -2.220324, 53.482219 ], [ -2.220154, 53.482106 ], [ -2.221279, 53.481571 ], [ -2.221808, 53.481941 ] ] ] ] } },
{ "type": "Feature", "properties": { "use": "Medium Density Housing", "base": 0.0, "height": 36.0 }, "geometry": { "type": "MultiPolygon", "coordinates": [ [ [ [ -2.220828, 53.482161 ], [ -2.221005, 53.482303 ], [ -2.220514, 53.482518 ], [ -2.220353, 53.48241 ], [ -2.220828, 53.482161 ] ] ] ] } },
{ "type": "Feature", "properties": { "use": "Medium Density Housing", "base": 0.0, "height": 40.3 }, "geometry": { "type": "MultiPolygon", "coordinates": [ [ [ [ -2.222537, 53.481576 ], [ -2.222019, 53.481788 ], [ -2.221587, 53.481451 ], [ -2.221581, 53.481315 ], [ -2.221245, 53.481024 ], [ -2.221421, 53.480952 ], [ -2.221889, 53.481317 ], [ -2.221893, 53.4814 ], [ -2.222079, 53.481545 ], [ -2.222365, 53.481427 ], [ -2.222537, 53.481576 ] ] ] ] } },
{ "type": "Feature", "properties": { "use": "Low Density Housing", "base": 0.0, "height": 17.3 }, "geometry": { "type": "MultiPolygon", "coordinates": [ [ [ [ -2.22178, 53.480873 ], [ -2.221541, 53.480983 ], [ -2.221456, 53.480885 ], [ -2.221668, 53.480787 ], [ -2.22178, 53.480873 ] ] ] ] } },
{ "type": "Feature", "properties": { "use": "Low Density Housing", "base": 0.0, "height": 21.7 }, "geometry": { "type": "MultiPolygon", "coordinates": [ [ [ [ -2.222495, 53.48114 ], [ -2.222066, 53.480749 ], [ -2.222224, 53.480679 ], [ -2.222672, 53.481071 ], [ -2.222495, 53.48114 ] ] ] ] } },
{ "type": "Feature", "properties": { "use": "Light Industry", "base": 0.0, "height": 29.4 }, "geometry": { "type": "MultiPolygon", "coordinates": [ [ [ [ -2.208892, 53.487177 ], [ -2.207881, 53.48753 ], [ -2.207292, 53.486932 ], [ -2.208303, 53.486579 ], [ -2.208892, 53.487177 ] ] ] ] } },
{ "type": "Feature", "properties": { "use": "Tram Platforms", "base": 0.0, "height": 1.9 }, "geometry": { "type": "MultiPolygon", "coordinates": [ [ [ [ -2.212467, 53.483165 ], [ -2.211771, 53.483488 ], [ -2.211735, 53.483464 ], [ -2.212431, 53.483139 ], [ -2.212467, 53.483165 ] ] ] ] } },
{ "type": "Feature", "properties": { "use": "Tram Platforms", "base": 0.0, "height": 1.9 }, "geometry": { "type": "MultiPolygon", "coordinates": [ [ [ [ -2.212379, 53.483108 ], [ -2.211683, 53.483432 ], [ -2.211647, 53.483408 ], [ -2.212343, 53.483083 ], [ -2.212379, 53.483108 ] ] ] ] } },
{ "type": "Feature", "properties": { "use": "Tram Platforms", "base": 0.0, "height": 1.9 }, "geometry": { "type": "MultiPolygon", "coordinates": [ [ [ [ -2.212502, 53.483189 ], [ -2.211806, 53.483513 ], [ -2.21177, 53.483489 ], [ -2.212466, 53.483164 ], [ -2.212502, 53.483189 ] ] ] ] } },
{ "type": "Feature", "properties": { "use": "Tram Platforms", "base": 0.0, "height": 0.9 }, "geometry": { "type": "MultiPolygon", "coordinates": [ [ [ [ -2.220208, 53.480928 ], [ -2.21954, 53.481275 ], [ -2.219507, 53.481252 ], [ -2.220182, 53.480905 ], [ -2.220208, 53.480928 ] ] ] ] } },
{ "type": "Feature", "properties": { "use": "Tram Platforms", "base": 0.0, "height": 0.9 }, "geometry": { "type": "MultiPolygon", "coordinates": [ [ [ [ -2.220118, 53.480862 ], [ -2.21945, 53.481209 ], [ -2.219416, 53.481186 ], [ -2.220091, 53.480839 ], [ -2.220118, 53.480862 ] ] ] ] } }
]
}
